#,Chromophore Name,Smile,Dye type,Solvent,Energy S1 (Abs) [eV],Energy S1 (Em) [eV],Delta_Stocks [eV],FWHM (Abs) [10^3 cm^-1],FWHM (Abs) [eV],FWHM (Em) [10^3 cm^-1],FWHM (Em) [eV],Epsilon  S1(Max)  [M^-1 cm^-1],Quantum Yield,Cross Section (Max) [GM],Ref
1,Coumarin-153,FC(F)(F)C1=CC(=O)OC2=C1C=C1CCCN3CCCC2=C13,Coumarin,acetonitrile,3.022734757,2.275110041,0.747624716,3.89,0.482298532,3.27,0.405428329,#N/A,#N/A,#N/A,"M.L. Horng, J.A. Gardecki, A. Papazyan, M. Maroncelli J. Phys. Chem. 99 (1995) 17311-17337"
1,Coumarin-153,FC(F)(F)C1=CC(=O)OC2=C1C=C1CCCN3CCCC2=C13,Coumarin,dimethyl sulfoxide,2.94338487,2.235435097,0.707949773,3.91,0.484778216,3.32,0.411627539,#N/A,#N/A,#N/A,"M.L. Horng, J.A. Gardecki, A. Papazyan, M. Maroncelli J. Phys. Chem. 99 (1995) 17311-17337"
1,Coumarin-153,FC(F)(F)C1=CC(=O)OC2=C1C=C1CCCN3CCCC2=C13,Coumarin,propylene carbonate,2.981819972,2.263951463,0.717868509,3.9,0.483538374,3.27,0.405428329,#N/A,#N/A,#N/A,"M.L. Horng, J.A. Gardecki, A. Papazyan, M. Maroncelli J. Phys. Chem. 99 (1995) 17311-17337"
1,Coumarin-153,FC(F)(F)C1=CC(=O)OC2=C1C=C1CCCN3CCCC2=C13,Coumarin,dimethylformamide,2.969421552,2.261471779,0.707949773,3.89,0.482298532,3.26,0.404188487,#N/A,#N/A,#N/A,"M.L. Horng, J.A. Gardecki, A. Papazyan, M. Maroncelli J. Phys. Chem. 99 (1995) 17311-17337"
1,Coumarin-153,FC(F)(F)C1=CC(=O)OC2=C1C=C1CCCN3CCCC2=C13,Coumarin,nitromethane,2.988019181,2.277589725,0.710429457,3.83,0.47485948,3.18,0.394269751,#N/A,#N/A,#N/A,"M.L. Horng, J.A. Gardecki, A. Papazyan, M. Maroncelli J. Phys. Chem. 99 (1995) 17311-17337"
1,Coumarin-153,FC(F)(F)C1=CC(=O)OC2=C1C=C1CCCN3CCCC2=C13,Coumarin,acetone,3.026454283,2.317264668,0.709189615,3.87,0.479818848,3.3,0.409147855,#N/A,#N/A,#N/A,"M.L. Horng, J.A. Gardecki, A. Papazyan, M. Maroncelli J. Phys. Chem. 99 (1995) 17311-17337"
1,Coumarin-153,FC(F)(F)C1=CC(=O)OC2=C1C=C1CCCN3CCCC2=C13,Coumarin,HMPA,2.953303606,2.282549093,0.670754513,3.84,0.476099322,3.28,0.406668171,#N/A,#N/A,#N/A,"M.L. Horng, J.A. Gardecki, A. Papazyan, M. Maroncelli J. Phys. Chem. 99 (1995) 17311-17337"
1,Coumarin-153,FC(F)(F)C1=CC(=O)OC2=C1C=C1CCCN3CCCC2=C13,Coumarin,DMC,3.088446382,2.402813765,0.685632617,3.84,0.476099322,3.47,0.430225168,#N/A,#N/A,#N/A,"M.L. Horng, J.A. Gardecki, A. Papazyan, M. Maroncelli J. Phys. Chem. 99 (1995) 17311-17337"
1,Coumarin-153,FC(F)(F)C1=CC(=O)OC2=C1C=C1CCCN3CCCC2=C13,Coumarin,methyl acetate,3.066129226,2.378016925,0.688112301,3.83,0.47485948,3.31,0.410387697,#N/A,#N/A,#N/A,"M.L. Horng, J.A. Gardecki, A. Papazyan, M. Maroncelli J. Phys. Chem. 99 (1995) 17311-17337"
1,Coumarin-153,FC(F)(F)C1=CC(=O)OC2=C1C=C1CCCN3CCCC2=C13,Coumarin,cyclohexanone,3.002897285,2.328423246,0.674474039,3.79,0.469900112,3.29,0.407908013,#N/A,#N/A,#N/A,"M.L. Horng, J.A. Gardecki, A. Papazyan, M. Maroncelli J. Phys. Chem. 99 (1995) 17311-17337"
1,Coumarin-153,FC(F)(F)C1=CC(=O)OC2=C1C=C1CCCN3CCCC2=C13,Coumarin,ethyl acetate,3.06860891,2.400334081,0.668274829,3.81,0.472379796,3.47,0.430225168,#N/A,#N/A,#N/A,"M.L. Horng, J.A. Gardecki, A. Papazyan, M. Maroncelli J. Phys. Chem. 99 (1995) 17311-17337"
1,Coumarin-153,FC(F)(F)C1=CC(=O)OC2=C1C=C1CCCN3CCCC2=C13,Coumarin,tetrahydrofuran,3.061169858,2.399094239,0.662075619,3.79,0.469900112,3.36,0.416586907,#N/A,#N/A,#N/A,"M.L. Horng, J.A. Gardecki, A. Papazyan, M. Maroncelli J. Phys. Chem. 99 (1995) 17311-17337"
1,Coumarin-153,FC(F)(F)C1=CC(=O)OC2=C1C=C1CCCN3CCCC2=C13,Coumarin,"1,4-dioxane",3.094645592,2.447448076,0.647197516,3.82,0.473619638,3.35,0.415347065,#N/A,#N/A,#N/A,"M.L. Horng, J.A. Gardecki, A. Papazyan, M. Maroncelli J. Phys. Chem. 99 (1995) 17311-17337"
1,Coumarin-153,FC(F)(F)C1=CC(=O)OC2=C1C=C1CCCN3CCCC2=C13,Coumarin,dichloromethane,3.001657443,2.374297399,0.627360044,3.68,0.45626185,3.2,0.396749435,#N/A,#N/A,#N/A,"M.L. Horng, J.A. Gardecki, A. Papazyan, M. Maroncelli J. Phys. Chem. 99 (1995) 17311-17337"
1,Coumarin-153,FC(F)(F)C1=CC(=O)OC2=C1C=C1CCCN3CCCC2=C13,Coumarin,1 -chlorobutane,3.046291755,2.46852539,0.577766365,3.69,0.457501692,3.35,0.415347065,#N/A,#N/A,#N/A,"M.L. Horng, J.A. Gardecki, A. Papazyan, M. Maroncelli J. Phys. Chem. 99 (1995) 17311-17337"
1,Coumarin-153,FC(F)(F)C1=CC(=O)OC2=C1C=C1CCCN3CCCC2=C13,Coumarin,diethyl ether,3.121922116,2.519358911,0.602563204,3.72,0.461221218,3.47,0.430225168,#N/A,#N/A,#N/A,"M.L. Horng, J.A. Gardecki, A. Papazyan, M. Maroncelli J. Phys. Chem. 99 (1995) 17311-17337"
1,Coumarin-153,FC(F)(F)C1=CC(=O)OC2=C1C=C1CCCN3CCCC2=C13,Coumarin,chloroform,3.021494915,2.420171553,0.601323362,3.83,0.47485948,3.2,0.396749435,#N/A,#N/A,#N/A,"M.L. Horng, J.A. Gardecki, A. Papazyan, M. Maroncelli J. Phys. Chem. 99 (1995) 17311-17337"
1,Coumarin-153,FC(F)(F)C1=CC(=O)OC2=C1C=C1CCCN3CCCC2=C13,Coumarin,2-methylbutane,3.239707104,2.695416473,0.544290631,3.56,0.441383746,3.38,0.419066591,#N/A,#N/A,#N/A,"M.L. Horng, J.A. Gardecki, A. Papazyan, M. Maroncelli J. Phys. Chem. 99 (1995) 17311-17337"
1,Coumarin-153,FC(F)(F)C1=CC(=O)OC2=C1C=C1CCCN3CCCC2=C13,Coumarin,cyclohexane,3.221109474,2.696656315,0.524453159,3.57,0.442623588,3.48,0.43146501,#N/A,#N/A,#N/A,"M.L. Horng, J.A. Gardecki, A. Papazyan, M. Maroncelli J. Phys. Chem. 99 (1995) 17311-17337"
1,Coumarin-153,FC(F)(F)C1=CC(=O)OC2=C1C=C1CCCN3CCCC2=C13,Coumarin,methanol,2.978100446,2.230475729,0.747624716,3.97,0.492217268,3.07,0.380631489,#N/A,#N/A,#N/A,"M.L. Horng, J.A. Gardecki, A. Papazyan, M. Maroncelli J. Phys. Chem. 99 (1995) 17311-17337"
1,Coumarin-153,FC(F)(F)C1=CC(=O)OC2=C1C=C1CCCN3CCCC2=C13,Coumarin,ethanol,2.985539497,2.244113991,0.741425506,3.88,0.48105869,3.18,0.394269751,#N/A,#N/A,#N/A,"M.L. Horng, J.A. Gardecki, A. Papazyan, M. Maroncelli J. Phys. Chem. 99 (1995) 17311-17337"
1,Coumarin-153,FC(F)(F)C1=CC(=O)OC2=C1C=C1CCCN3CCCC2=C13,Coumarin,1 -propanol,2.991738707,2.268910831,0.722827877,3.84,0.476099322,3.17,0.393029909,#N/A,#N/A,#N/A,"M.L. Horng, J.A. Gardecki, A. Papazyan, M. Maroncelli J. Phys. Chem. 99 (1995) 17311-17337"
1,Coumarin-153,FC(F)(F)C1=CC(=O)OC2=C1C=C1CCCN3CCCC2=C13,Coumarin,2-propanol,2.995458233,2.282549093,0.712909141,3.81,0.472379796,3.37,0.417826749,#N/A,#N/A,#N/A,"M.L. Horng, J.A. Gardecki, A. Papazyan, M. Maroncelli J. Phys. Chem. 99 (1995) 17311-17337"
1,Coumarin-153,FC(F)(F)C1=CC(=O)OC2=C1C=C1CCCN3CCCC2=C13,Coumarin,1-butanol,2.990498865,2.271390515,0.719108351,3.84,0.476099322,3.18,0.394269751,#N/A,#N/A,#N/A,"M.L. Horng, J.A. Gardecki, A. Papazyan, M. Maroncelli J. Phys. Chem. 99 (1995) 17311-17337"
1,Coumarin-153,FC(F)(F)C1=CC(=O)OC2=C1C=C1CCCN3CCCC2=C13,Coumarin,ethylene glycol,2.91858803,2.184601576,0.733986455,3.93,0.4872579,3.12,0.386830699,#N/A,#N/A,#N/A,"M.L. Horng, J.A. Gardecki, A. Papazyan, M. Maroncelli J. Phys. Chem. 99 (1995) 17311-17337"
1,Coumarin-153,FC(F)(F)C1=CC(=O)OC2=C1C=C1CCCN3CCCC2=C13,Coumarin,formamide,2.91238882,2.196999996,0.715388825,3.93,0.4872579,3.16,0.391790067,#N/A,#N/A,#N/A,"M.L. Horng, J.A. Gardecki, A. Papazyan, M. Maroncelli J. Phys. Chem. 99 (1995) 17311-17337"
1,Coumarin-153,FC(F)(F)C1=CC(=O)OC2=C1C=C1CCCN3CCCC2=C13,Coumarin,benzyl alcohol,2.904949769,2.234195255,0.670754513,3.79,0.469900112,3.08,0.381871331,#N/A,#N/A,#N/A,"M.L. Horng, J.A. Gardecki, A. Papazyan, M. Maroncelli J. Phys. Chem. 99 (1995) 17311-17337"
1,Coumarin-153,FC(F)(F)C1=CC(=O)OC2=C1C=C1CCCN3CCCC2=C13,Coumarin,benzonitrile,2.970661394,2.32470372,0.645957674,3.68,0.45626185,3.16,0.391790067,#N/A,#N/A,#N/A,"M.L. Horng, J.A. Gardecki, A. Papazyan, M. Maroncelli J. Phys. Chem. 99 (1995) 17311-17337"
1,Coumarin-153,FC(F)(F)C1=CC(=O)OC2=C1C=C1CCCN3CCCC2=C13,Coumarin,benzene,3.071088594,2.479683968,0.591404626,3.65,0.452542324,3.31,0.410387697,#N/A,#N/A,#N/A,"M.L. Horng, J.A. Gardecki, A. Papazyan, M. Maroncelli J. Phys. Chem. 99 (1995) 17311-17337"
1,Coumarin-153,FC(F)(F)C1=CC(=O)OC2=C1C=C1CCCN3CCCC2=C13,Coumarin,p-xylene,3.083487014,2.488362862,0.595124152,3.67,0.455022008,3.48,0.43146501,#N/A,#N/A,#N/A,"M.L. Horng, J.A. Gardecki, A. Papazyan, M. Maroncelli J. Phys. Chem. 99 (1995) 17311-17337"
1,Coumarin-153,FC(F)(F)C1=CC(=O)OC2=C1C=C1CCCN3CCCC2=C13,Coumarin,hexafluorobenzene,3.1244018,2.536716699,0.5876851,3.71,0.459981376,3.36,0.416586907,#N/A,#N/A,#N/A,"M.L. Horng, J.A. Gardecki, A. Papazyan, M. Maroncelli J. Phys. Chem. 99 (1995) 17311-17337"
1,Coumarin-153,FC(F)(F)C1=CC(=O)OC2=C1C=C1CCCN3CCCC2=C13,Coumarin,toluene,3.078527646,2.504480808,0.574046839,3.65,0.452542324,3.35,0.415347065,#N/A,#N/A,#N/A,"Christian Laurence, Julien Legros, Agisilaos Chantzis, Aurelien Planchat, Denis Jacquemin  J. Phys. Chem. B 119 (2015) 3174-3184"
2,ICU,CC(=O)C1=CC2=CC=C(C=C2OC1=O)C1=NC(=C(N1)C1=CC=CC=C1)C1=CC=CC=C1,Coumarin_out,hexane,2.980384615,2.398143133,0.582241482,,0,,0,17100,0.415,#N/A,"Christian Laurence, Julien Legros, Agisilaos Chantzis, Aurelien Planchat, Denis Jacquemin  J. Phys. Chem. B 119 (2015) 3174-3184"
2,ICU,CC(=O)C1=CC2=CC=C(C=C2OC1=O)C1=NC(=C(N1)C1=CC=CC=C1)C1=CC=CC=C1,Coumarin_out,"1,4-dioxane",2.980384615,2.262481752,0.717902864,,0,,0,16400,0.463,#N/A,"Christian Laurence, Julien Legros, Agisilaos Chantzis, Aurelien Planchat, Denis Jacquemin  J. Phys. Chem. B 119 (2015) 3174-3184"
2,ICU,CC(=O)C1=CC2=CC=C(C=C2OC1=O)C1=NC(=C(N1)C1=CC=CC=C1)C1=CC=CC=C1,Coumarin_out,tetrahydrofuran,2.944988124,2.221935484,0.72305264,,0,,0,15900,0.386,#N/A,"Christian Laurence, Julien Legros, Agisilaos Chantzis, Aurelien Planchat, Denis Jacquemin  J. Phys. Chem. B 119 (2015) 3174-3184"
2,ICU,CC(=O)C1=CC2=CC=C(C=C2OC1=O)C1=NC(=C(N1)C1=CC=CC=C1)C1=CC=CC=C1,Coumarin_out,chloroform,2.87,2.167552448,0.702447552,,0,,0,14800,0.343,#N/A,"Christian Laurence, Julien Legros, Agisilaos Chantzis, Aurelien Planchat, Denis Jacquemin  J. Phys. Chem. B 119 (2015) 3174-3184"
2,ICU,CC(=O)C1=CC2=CC=C(C=C2OC1=O)C1=NC(=C(N1)C1=CC=CC=C1)C1=CC=CC=C1,Coumarin_out,acetone,3.002033898,2.123013699,0.8790202,,0,,0,16100,0.175,#N/A,"Christian Laurence, Julien Legros, Agisilaos Chantzis, Aurelien Planchat, Denis Jacquemin  J. Phys. Chem. B 119 (2015) 3174-3184"
2,ICU,CC(=O)C1=CC2=CC=C(C=C2OC1=O)C1=NC(=C(N1)C1=CC=CC=C1)C1=CC=CC=C1,Coumarin_out,dimethylformamide,2.966124402,2.073311037,0.892813365,,0,,0,14000,0.117,#N/A,"Christian Laurence, Julien Legros, Agisilaos Chantzis, Aurelien Planchat, Denis Jacquemin  J. Phys. Chem. B 119 (2015) 3174-3184"
2,ICU,CC(=O)C1=CC2=CC=C(C=C2OC1=O)C1=NC(=C(N1)C1=CC=CC=C1)C1=CC=CC=C1,Coumarin_out,acetonitrile,3.024,2.07678392,0.94721608,,0,,0,11400,0.073,#N/A,"Christian Laurence, Julien Legros, Agisilaos Chantzis, Aurelien Planchat, Denis Jacquemin  J. Phys. Chem. B 119 (2015) 3174-3184"
2,ICU,CC(=O)C1=CC2=CC=C(C=C2OC1=O)C1=NC(=C(N1)C1=CC=CC=C1)C1=CC=CC=C1,Coumarin_out,ethanol,2.980384615,2.039210526,0.941174089,,0,,0,15400,0.025,#N/A,"Christian Laurence, Julien Legros, Agisilaos Chantzis, Aurelien Planchat, Denis Jacquemin  J. Phys. Chem. B 119 (2015) 3174-3184"
2,ICU,CC(=O)C1=CC2=CC=C(C=C2OC1=O)C1=NC(=C(N1)C1=CC=CC=C1)C1=CC=CC=C1,Coumarin_out,water,3.002033898,2.016,0.986033898,,0,,0,9010,0.003,#N/A,"Ali R., Dwivedi S.K., Mishra H., Misra A., Dyes and Pigments 175 (2020) 108163"
3,benzo-4-azidomethyl_coumarin,[N-]=[N+]=NCC1=CC(=O)OC2=C3C=CC=CC3=CC=C12,Coumarin,cyclohexane,3.506334842,2.917270588,0.589064253,,0,,0,#N/A,#N/A,#N/A,"Ali R., Dwivedi S.K., Mishra H., Misra A., Dyes and Pigments 175 (2020) 108163"
3,benzo-4-azidomethyl_coumarin,[N-]=[N+]=NCC1=CC(=O)OC2=C3C=CC=CC3=CC=C12,Coumarin,hexane,3.518274688,2.93106383,0.587210858,,0,,0,#N/A,#N/A,#N/A,"Ali R., Dwivedi S.K., Mishra H., Misra A., Dyes and Pigments 175 (2020) 108163"
3,benzo-4-azidomethyl_coumarin,[N-]=[N+]=NCC1=CC(=O)OC2=C3C=CC=CC3=CC=C12,Coumarin,acetonitrile,3.498419865,2.843669725,0.65475014,,0,,0,#N/A,#N/A,#N/A,"Ali R., Dwivedi S.K., Mishra H., Misra A., Dyes and Pigments 175 (2020) 108163"
3,benzo-4-azidomethyl_coumarin,[N-]=[N+]=NCC1=CC(=O)OC2=C3C=CC=CC3=CC=C12,Coumarin,dimethyl sulfoxide,3.490540541,2.837162471,0.653378069,,0,,0,#N/A,#N/A,#N/A,"Ali R., Dwivedi S.K., Mishra H., Misra A., Dyes and Pigments 175 (2020) 108163"
3,benzo-4-azidomethyl_coumarin,[N-]=[N+]=NCC1=CC(=O)OC2=C3C=CC=CC3=CC=C12,Coumarin,acetone,3.498419865,2.843669725,0.65475014,,0,,0,#N/A,#N/A,#N/A,"Ali R., Dwivedi S.K., Mishra H., Misra A., Dyes and Pigments 175 (2020) 108163"
3,benzo-4-azidomethyl_coumarin,[N-]=[N+]=NCC1=CC(=O)OC2=C3C=CC=CC3=CC=C12,Coumarin,ethyl acetate,3.510305776,2.87,0.640305776,,0,,0,#N/A,#N/A,#N/A,"Ali R., Dwivedi S.K., Mishra H., Misra A., Dyes and Pigments 175 (2020) 108163"
3,benzo-4-azidomethyl_coumarin,[N-]=[N+]=NCC1=CC(=O)OC2=C3C=CC=CC3=CC=C12,Coumarin,ethanol,3.494475761,2.863371824,0.631103937,,0,,0,#N/A,#N/A,#N/A,"Ali R., Dwivedi S.K., Mishra H., Misra A., Dyes and Pigments 175 (2020) 108163"
3,benzo-4-azidomethyl_coumarin,[N-]=[N+]=NCC1=CC(=O)OC2=C3C=CC=CC3=CC=C12,Coumarin,diethyl ether,3.498419865,2.87,0.628419865,,0,,0,#N/A,#N/A,#N/A,"Ali R., Dwivedi S.K., Mishra H., Misra A., Dyes and Pigments 175 (2020) 108163"
3,benzo-4-azidomethyl_coumarin,[N-]=[N+]=NCC1=CC(=O)OC2=C3C=CC=CC3=CC=C12,Coumarin,1-hexanol,3.472941176,2.843669725,0.629271452,,0,,0,#N/A,#N/A,#N/A,"Melavanki RM, Patil HD, Umapathy S, Kadadevarmath JS, J Fluoresc 22  (2012) 137-144"
4,methoxy-4-azidomethyl_coumarin,COC1=CC2=C(OC(=O)C=C2CN=[N+]=[N-])C=C1,Coumarin,cyclohexane,3.522272727,2.811428571,0.710844156,,0,,0,#N/A,#N/A,#N/A,"Melavanki RM, Patil HD, Umapathy S, Kadadevarmath JS, J Fluoresc 22  (2012) 137-144"
4,methoxy-4-azidomethyl_coumarin,COC1=CC2=C(OC(=O)C=C2CN=[N+]=[N-])C=C1,Coumarin,toluene,3.522272727,2.805067873,0.717204854,,0,,0,#N/A,#N/A,#N/A,"Melavanki RM, Patil HD, Umapathy S, Kadadevarmath JS, J Fluoresc 22  (2012) 137-144"
4,methoxy-4-azidomethyl_coumarin,COC1=CC2=C(OC(=O)C=C2CN=[N+]=[N-])C=C1,Coumarin,benzene,3.562758621,2.761336303,0.801422318,,0,,0,#N/A,#N/A,#N/A,"Melavanki RM, Patil HD, Umapathy S, Kadadevarmath JS, J Fluoresc 22  (2012) 137-144"
4,methoxy-4-azidomethyl_coumarin,COC1=CC2=C(OC(=O)C=C2CN=[N+]=[N-])C=C1,Coumarin,ethyl acetate,3.5424,2.556371134,0.986028866,,0,,0,#N/A,#N/A,#N/A,"Melavanki RM, Patil HD, Umapathy S, Kadadevarmath JS, J Fluoresc 22  (2012) 137-144"
4,methoxy-4-azidomethyl_coumarin,COC1=CC2=C(OC(=O)C=C2CN=[N+]=[N-])C=C1,Coumarin,diethyl ether,3.534321551,2.677840173,0.856481378,,0,,0,#N/A,#N/A,#N/A,"Melavanki RM, Patil HD, Umapathy S, Kadadevarmath JS, J Fluoresc 22  (2012) 137-144"
4,methoxy-4-azidomethyl_coumarin,COC1=CC2=C(OC(=O)C=C2CN=[N+]=[N-])C=C1,Coumarin,carbon tetrachloride,3.482696629,2.761336303,0.721360326,,0,,0,#N/A,#N/A,#N/A,"Melavanki RM, Patil HD, Umapathy S, Kadadevarmath JS, J Fluoresc 22  (2012) 137-144"
4,methoxy-4-azidomethyl_coumarin,COC1=CC2=C(OC(=O)C=C2CN=[N+]=[N-])C=C1,Coumarin,"1,4-dioxane",3.530296128,2.689457701,0.840838427,,0,,0,#N/A,#N/A,#N/A,"Bhavya P et al,  AIP Conference Proceedings 1953, 080022 (2018); doi: 10.1063/1.5032828"
5,3-HBCD,OC1(CC(=O)C2=CC3=C4C=CC=CC4=CC=C3OC2=O)C(=O)NC2=CC=CC=C12,Coumarin,heptane,3.315080214,2.886705471,0.428374742,,0,,0,#N/A,#N/A,#N/A,"Bhavya P et al,  AIP Conference Proceedings 1953, 080022 (2018); doi: 10.1063/1.5032828"
5,3-HBCD,OC1(CC(=O)C2=CC3=C4C=CC=CC4=CC=C3OC2=O)C(=O)NC2=CC=CC=C12,Coumarin,cyclohexane,3.341886792,2.903606557,0.438280235,,0,,0,#N/A,#N/A,#N/A,"Bhavya P et al,  AIP Conference Proceedings 1953, 080022 (2018); doi: 10.1063/1.5032828"
5,3-HBCD,OC1(CC(=O)C2=CC3=C4C=CC=CC4=CC=C3OC2=O)C(=O)NC2=CC=CC=C12,Coumarin,"1,4-dioxane",3.315080214,2.88,0.435080214,,0,,0,#N/A,#N/A,#N/A,"Bhavya P et al,  AIP Conference Proceedings 1953, 080022 (2018); doi: 10.1063/1.5032828"
5,3-HBCD,OC1(CC(=O)C2=CC3=C4C=CC=CC4=CC=C3OC2=O)C(=O)NC2=CC=CC=C12,Coumarin,toluene,3.262736842,2.821023891,0.441712951,,0,,0,#N/A,#N/A,#N/A,"Bhavya P et al,  AIP Conference Proceedings 1953, 080022 (2018); doi: 10.1063/1.5032828"
5,3-HBCD,OC1(CC(=O)C2=CC3=C4C=CC=CC4=CC=C3OC2=O)C(=O)NC2=CC=CC=C12,Coumarin,1-butanol,3.183157895,2.718947368,0.464210526,,0,,0,#N/A,#N/A,#N/A,"Bhavya P et al,  AIP Conference Proceedings 1953, 080022 (2018); doi: 10.1063/1.5032828"
5,3-HBCD,OC1(CC(=O)C2=CC3=C4C=CC=CC4=CC=C3OC2=O)C(=O)NC2=CC=CC=C12,Coumarin,ethanol,3.170946292,2.710032787,0.460913505,,0,,0,#N/A,#N/A,#N/A,"Bhavya P et al,  AIP Conference Proceedings 1953, 080022 (2018); doi: 10.1063/1.5032828"
5,3-HBCD,OC1(CC(=O)C2=CC3=C4C=CC=CC4=CC=C3OC2=O)C(=O)NC2=CC=CC=C12,Coumarin,methanol,3.170946292,2.698237214,0.472709077,,0,,0,#N/A,#N/A,#N/A,"Bhavya P et al,  AIP Conference Proceedings 1953, 080022 (2018); doi: 10.1063/1.5032828"
5,3-HBCD,OC1(CC(=O)C2=CC3=C4C=CC=CC4=CC=C3OC2=O)C(=O)NC2=CC=CC=C12,Coumarin,acetonitrile,3.187249357,2.718947368,0.468301989,,0,,0,#N/A,#N/A,#N/A,"Bhavya P et al,  AIP Conference Proceedings 1953, 080022 (2018); doi: 10.1063/1.5032828"
5,3-HBCD,OC1(CC(=O)C2=CC3=C4C=CC=CC4=CC=C3OC2=O)C(=O)NC2=CC=CC=C12,Coumarin,dimethylformamide,3.179076923,2.707074236,0.472002687,,0,,0,#N/A,#N/A,#N/A,"Bhavya P et al,  AIP Conference Proceedings 1953, 080022 (2018); doi: 10.1063/1.5032828"
5,3-HBCD,OC1(CC(=O)C2=CC3=C4C=CC=CC4=CC=C3OC2=O)C(=O)NC2=CC=CC=C12,Coumarin,dimethyl sulfoxide,3.162857143,2.698237214,0.464619928,,0,,0,#N/A,#N/A,#N/A,"Pramod AG, et al, J Mol Liquids  292 (2019) 111383"
6,4-HCM,COC1=CC=C(C=C1)C(C1=C(O)C2=CC=CC=C2OC1=O)C1=C(O)C2=C(OC1=O)C=CC=C2,Coumarin_out,cyclohexane,3.978181351,3.099212598,0.878968753,,0,,0,21000,0.821,#N/A,"Pramod AG, et al, J Mol Liquids  292 (2019) 111383"
6,4-HCM,COC1=CC=C(C=C1)C(C1=C(O)C2=CC=CC=C2OC1=O)C1=C(O)C2=C(OC1=O)C=CC=C2,Coumarin_out,"1,4-dioxane",3.976012571,2.895063746,1.080948825,,0,,0,36000,0.783,#N/A,"Pramod AG, et al, J Mol Liquids  292 (2019) 111383"
6,4-HCM,COC1=CC=C(C=C1)C(C1=C(O)C2=CC=CC=C2OC1=O)C1=C(O)C2=C(OC1=O)C=CC=C2,Coumarin_out,carbon tetrachloride,3.964696853,3.054169233,0.910527621,,0,,0,88000,0.915,#N/A,"Pramod AG, et al, J Mol Liquids  292 (2019) 111383"
6,4-HCM,COC1=CC=C(C=C1)C(C1=C(O)C2=CC=CC=C2OC1=O)C1=C(O)C2=C(OC1=O)C=CC=C2,Coumarin_out,chloroform,4.064915904,2.876525451,1.188390453,,0,,0,116000,0.811,#N/A,"Pramod AG, et al, J Mol Liquids  292 (2019) 111383"
6,4-HCM,COC1=CC=C(C=C1)C(C1=C(O)C2=CC=CC=C2OC1=O)C1=C(O)C2=C(OC1=O)C=CC=C2,Coumarin_out,2-methoxyethanol,4.492336679,2.745924876,1.746411803,,0,,0,108000,0.935,#N/A,"Pramod AG, et al, J Mol Liquids  292 (2019) 111383"
6,4-HCM,COC1=CC=C(C=C1)C(C1=C(O)C2=CC=CC=C2OC1=O)C1=C(O)C2=C(OC1=O)C=CC=C2,Coumarin_out,dichloromethane,3.969647488,2.891552778,1.078094711,,0,,0,82000,0.853,#N/A,"Pramod AG, et al, J Mol Liquids  292 (2019) 111383"
6,4-HCM,COC1=CC=C(C=C1)C(C1=C(O)C2=CC=CC=C2OC1=O)C1=C(O)C2=C(OC1=O)C=CC=C2,Coumarin_out,1-butanol,4.526946108,2.917064678,1.60988143,,0,,0,59000,0.802,#N/A,"Pramod AG, et al, J Mol Liquids  292 (2019) 111383"
6,4-HCM,COC1=CC=C(C=C1)C(C1=C(O)C2=CC=CC=C2OC1=O)C1=C(O)C2=C(OC1=O)C=CC=C2,Coumarin_out,methanol,4.495757488,3.668382745,0.827374743,,0,,0,31000,0.726,#N/A,"Pramod AG, et al, J Mol Liquids  292 (2019) 111383"
6,4-HCM,COC1=CC=C(C=C1)C(C1=C(O)C2=CC=CC=C2OC1=O)C1=C(O)C2=C(OC1=O)C=CC=C2,Coumarin_out,acetonitrile,4.448814095,3.092333017,1.356481077,,0,,0,39000,0.729,#N/A,"Husain MM, et al, European Journal of Chemistry 3(1) (2012) 75-80"
7,7H4TFMC,OC1=CC2=C(C=C1)C(=CC(=O)O2)C(F)(F)F,Coumarin,chloroform,3.697703549,2.994782609,0.70292094,,0,,0,#N/A,#N/A,#N/A,"Husain MM, et al, European Journal of Chemistry 3(1) (2012) 75-80"
7,7H4TFMC,OC1=CC2=C(C=C1)C(=CC(=O)O2)C(F)(F)F,Coumarin,n-butyl acetate,3.735583007,3.005672727,0.72991028,,0,,0,#N/A,#N/A,#N/A,"Husain MM, et al, European Journal of Chemistry 3(1) (2012) 75-80"
7,7H4TFMC,OC1=CC2=C(C=C1)C(=CC(=O)O2)C(F)(F)F,Coumarin,ethyl benzoate,3.694398093,3.024,0.670398093,,0,,0,#N/A,#N/A,#N/A,"Husain MM, et al, European Journal of Chemistry 3(1) (2012) 75-80"
7,7H4TFMC,OC1=CC2=C(C=C1)C(=CC(=O)O2)C(F)(F)F,Coumarin,dichloromethane,3.776545842,3.024,0.752545842,,0,,0,#N/A,#N/A,#N/A,"Husain MM, et al, European Journal of Chemistry 3(1) (2012) 75-80"
7,7H4TFMC,OC1=CC2=C(C=C1)C(=CC(=O)O2)C(F)(F)F,Coumarin,ethyl acetate,3.746872167,3.024,0.722872167,,0,,0,#N/A,#N/A,#N/A,"Husain MM, et al, European Journal of Chemistry 3(1) (2012) 75-80"
7,7H4TFMC,OC1=CC2=C(C=C1)C(=CC(=O)O2)C(F)(F)F,Coumarin,methanol,3.685612366,2.859409594,0.826202772,,0,,0,#N/A,#N/A,#N/A,"Husain MM, et al, European Journal of Chemistry 3(1) (2012) 75-80"
7,7H4TFMC,OC1=CC2=C(C=C1)C(=CC(=O)O2)C(F)(F)F,Coumarin,dimethyl sulfoxide,3.659504132,2.855458314,0.804045818,,0,,0,#N/A,#N/A,#N/A,"Husain MM, et al, European Journal of Chemistry 3(1) (2012) 75-80"
7,7H4TFMC,OC1=CC2=C(C=C1)C(=CC(=O)O2)C(F)(F)F,Coumarin,formamide,3.655188679,2.811428571,0.843760108,,0,,0,#N/A,#N/A,#N/A,"Maity B., et al, Photochemistry and Photobiology 90  (2014) 734-746"
8,67DH4TFMC,OC1=CC2=C(C=C1O)C(=CC(=O)O2)C(F)(F)F,Coumarin,toluene,3.510305776,2.752142064,0.758163711,,0,,0,#N/A,#N/A,#N/A,"Maity B., et al, Photochemistry and Photobiology 90  (2014) 734-746"
8,67DH4TFMC,OC1=CC2=C(C=C1O)C(=CC(=O)O2)C(F)(F)F,Coumarin,n-butyl acetate,3.471968636,2.653767123,0.818201513,,0,,0,#N/A,#N/A,#N/A,"Maity B., et al, Photochemistry and Photobiology 90  (2014) 734-746"
8,67DH4TFMC,OC1=CC2=C(C=C1O)C(=CC(=O)O2)C(F)(F)F,Coumarin,ethyl propionate,3.460340497,2.636274718,0.824065779,,0,,0,#N/A,#N/A,#N/A,"Maity B., et al, Photochemistry and Photobiology 90  (2014) 734-746"
8,67DH4TFMC,OC1=CC2=C(C=C1O)C(=CC(=O)O2)C(F)(F)F,Coumarin,ethyl benzoate,3.435411471,2.646403415,0.789008056,,0,,0,#N/A,#N/A,#N/A,"Maity B., et al, Photochemistry and Photobiology 90  (2014) 734-746"
8,67DH4TFMC,OC1=CC2=C(C=C1O)C(=CC(=O)O2)C(F)(F)F,Coumarin,ethyl acetate,3.486614173,2.62566709,0.860947083,,0,,0,#N/A,#N/A,#N/A,"Maity B., et al, Photochemistry and Photobiology 90  (2014) 734-746"
8,67DH4TFMC,OC1=CC2=C(C=C1O)C(=CC(=O)O2)C(F)(F)F,Coumarin,acetone,3.460340497,2.595979899,0.864360597,,0,,0,#N/A,#N/A,#N/A,"Maity B., et al, Photochemistry and Photobiology 90  (2014) 734-746"
8,67DH4TFMC,OC1=CC2=C(C=C1O)C(=CC(=O)O2)C(F)(F)F,Coumarin,methanol,3.376470588,2.487640449,0.888830139,,0,,0,#N/A,#N/A,#N/A,"Maity B., et al, Photochemistry and Photobiology 90  (2014) 734-746"
8,67DH4TFMC,OC1=CC2=C(C=C1O)C(=CC(=O)O2)C(F)(F)F,Coumarin,acetonitrile,3.497433004,2.598700482,0.898732522,,0,,0,#N/A,#N/A,#N/A,"Maity B., et al, Photochemistry and Photobiology 90  (2014) 734-746"
8,67DH4TFMC,OC1=CC2=C(C=C1O)C(=CC(=O)O2)C(F)(F)F,Coumarin,dimethylformamide,3.329323308,2.422035554,0.907287754,,0,,0,#N/A,#N/A,#N/A,"Maity B., et al, Photochemistry and Photobiology 90  (2014) 734-746"
8,67DH4TFMC,OC1=CC2=C(C=C1O)C(=CC(=O)O2)C(F)(F)F,Coumarin,dimethyl sulfoxide,3.340086207,2.413548764,0.926537443,,0,,0,#N/A,#N/A,#N/A,"Maity B., et al, Photochemistry and Photobiology 90  (2014) 734-746"
8,67DH4TFMC,OC1=CC2=C(C=C1O)C(=CC(=O)O2)C(F)(F)F,Coumarin,formamide,3.31862955,2.430582239,0.888047312,,0,,0,#N/A,#N/A,#N/A,"Nagaraja D, et al, Int. J. of Life Science & Pharma Research 3(1) (2013) 54-64"
9,7M4TFMC,COC1=CC2=C(C=C1)C(=CC(=O)O2)C(F)(F)F,Coumarin,hexane,3.803190184,3.0996,0.703590184,,0,,0,#N/A,#N/A,#N/A,"Nagaraja D, et al, Int. J. of Life Science & Pharma Research 3(1) (2013) 54-64"
9,7M4TFMC,COC1=CC2=C(C=C1)C(=CC(=O)O2)C(F)(F)F,Coumarin,cyclohexane,3.771950106,3.080347826,0.69160228,,0,,0,#N/A,#N/A,#N/A,"Nagaraja D, et al, Int. J. of Life Science & Pharma Research 3(1) (2013) 54-64"
9,7M4TFMC,COC1=CC2=C(C=C1)C(=CC(=O)O2)C(F)(F)F,Coumarin,toluene,3.715433024,3.015908538,0.699524486,,0,,0,#N/A,#N/A,#N/A,"Nagaraja D, et al, Int. J. of Life Science & Pharma Research 3(1) (2013) 54-64"
9,7M4TFMC,COC1=CC2=C(C=C1)C(=CC(=O)O2)C(F)(F)F,Coumarin,ethyl benzoate,3.702120036,2.987566265,0.714553771,,0,,0,#N/A,#N/A,#N/A,"Nagaraja D, et al, Int. J. of Life Science & Pharma Research 3(1) (2013) 54-64"
9,7M4TFMC,COC1=CC2=C(C=C1)C(=CC(=O)O2)C(F)(F)F,Coumarin,decanol,3.715433024,3.002760959,0.712672065,,0,,0,#N/A,#N/A,#N/A,"Nagaraja D, et al, Int. J. of Life Science & Pharma Research 3(1) (2013) 54-64"
9,7M4TFMC,COC1=CC2=C(C=C1)C(=CC(=O)O2)C(F)(F)F,Coumarin,dichloromethane,3.702120036,3.012244898,0.689875138,,0,,0,#N/A,#N/A,#N/A,"Nagaraja D, et al, Int. J. of Life Science & Pharma Research 3(1) (2013) 54-64"
9,7M4TFMC,COC1=CC2=C(C=C1)C(=CC(=O)O2)C(F)(F)F,Coumarin,octanol,3.715433024,3.009320388,0.706112635,,0,,0,#N/A,#N/A,#N/A,"Nagaraja D, et al, Int. J. of Life Science & Pharma Research 3(1) (2013) 54-64"
9,7M4TFMC,COC1=CC2=C(C=C1)C(=CC(=O)O2)C(F)(F)F,Coumarin,1-heptanol,3.718776245,2.979668349,0.739107896,,0,,0,#N/A,#N/A,#N/A,"Nagaraja D, et al, Int. J. of Life Science & Pharma Research 3(1) (2013) 54-64"
9,7M4TFMC,COC1=CC2=C(C=C1)C(=CC(=O)O2)C(F)(F)F,Coumarin,1-hexanol,3.710984735,2.999129173,0.711855562,,0,,0,#N/A,#N/A,#N/A,"Nagaraja D, et al, Int. J. of Life Science & Pharma Research 3(1) (2013) 54-64"
9,7M4TFMC,COC1=CC2=C(C=C1)C(=CC(=O)O2)C(F)(F)F,Coumarin,1-butanol,3.718776245,2.992614048,0.726162197,,0,,0,#N/A,#N/A,#N/A,"Nagaraja D, et al, Int. J. of Life Science & Pharma Research 3(1) (2013) 54-64"
9,7M4TFMC,COC1=CC2=C(C=C1)C(=CC(=O)O2)C(F)(F)F,Coumarin,ethanol,3.726600541,2.992614048,0.733986493,,0,,0,#N/A,#N/A,#N/A,"Nagaraja D, et al, Int. J. of Life Science & Pharma Research 3(1) (2013) 54-64"
9,7M4TFMC,COC1=CC2=C(C=C1)C(=CC(=O)O2)C(F)(F)F,Coumarin,formamide,3.685612366,2.947788873,0.737823493,,0,,0,#N/A,#N/A,#N/A,"Lanke S, et al, J Fluoresc 26 (2016) 497-511"
10,7-DCCAE,CCN(CC)C1=CC2=C(C=C1)C=C(C(=O)ON1C(=O)CCC1=O)C(=O)O2,Coumarin,cyclohexane,2.966321947,2.922307556,0.04401439,,0,,0,#N/A,0.823,#N/A,"Lanke S, et al, J Fluoresc 26 (2016) 497-511"
10,7-DCCAE,CCN(CC)C1=CC2=C(C=C1)C=C(C(=O)ON1C(=O)CCC1=O)C(=O)O2,Coumarin,heptane,2.977604509,2.935945818,0.041658691,,0,,0,#N/A,0.81,#N/A,"Lanke S, et al, J Fluoresc 26 (2016) 497-511"
10,7-DCCAE,CCN(CC)C1=CC2=C(C=C1)C=C(C(=O)ON1C(=O)CCC1=O)C(=O)O2,Coumarin,carbon tetrachloride,2.936565739,2.860935378,0.075630361,,0,,0,#N/A,0.883,#N/A,"Lanke S, et al, J Fluoresc 26 (2016) 497-511"
10,7-DCCAE,CCN(CC)C1=CC2=C(C=C1)C=C(C(=O)ON1C(=O)CCC1=O)C(=O)O2,Coumarin,"1,4-dioxane",2.939293391,2.731123922,0.208169469,,0,,0,#N/A,0.863,#N/A,"Lanke S, et al, J Fluoresc 26 (2016) 497-511"
10,7-DCCAE,CCN(CC)C1=CC2=C(C=C1)C=C(C(=O)ON1C(=O)CCC1=O)C(=O)O2,Coumarin,tetrahydrofuran,2.921687635,2.694672568,0.227015067,,0,,0,#N/A,0.2,#N/A,"Lanke S, et al, J Fluoresc 26 (2016) 497-511"
10,7-DCCAE,CCN(CC)C1=CC2=C(C=C1)C=C(C(=O)ON1C(=O)CCC1=O)C(=O)O2,Coumarin,ethyl acetate,2.93334215,2.703847399,0.229494751,,0,,0,#N/A,0.118,#N/A,"Lanke S, et al, J Fluoresc 26 (2016) 497-511"
10,7-DCCAE,CCN(CC)C1=CC2=C(C=C1)C=C(C(=O)ON1C(=O)CCC1=O)C(=O)O2,Coumarin,chloroform,2.86601873,2.698764047,0.167254684,,0,,0,#N/A,0.892,#N/A,"Lanke S, et al, J Fluoresc 26 (2016) 497-511"
10,7-DCCAE,CCN(CC)C1=CC2=C(C=C1)C=C(C(=O)ON1C(=O)CCC1=O)C(=O)O2,Coumarin,acetone,2.894907048,2.652765909,0.242141139,,0,,0,#N/A,0.023,#N/A,"Lanke S, et al, J Fluoresc 26 (2016) 497-511"
10,7-DCCAE,CCN(CC)C1=CC2=C(C=C1)C=C(C(=O)ON1C(=O)CCC1=O)C(=O)O2,Coumarin,dimethylformamide,2.86688662,2.64954232,0.2173443,,0,,0,#N/A,0.054,#N/A,"Lanke S, et al, J Fluoresc 26 (2016) 497-511"
10,7-DCCAE,CCN(CC)C1=CC2=C(C=C1)C=C(C(=O)ON1C(=O)CCC1=O)C(=O)O2,Coumarin,dimethyl sulfoxide,2.830931202,2.590029905,0.240901297,,0,,0,#N/A,0.034,#N/A,"Lanke S, et al, J Fluoresc 26 (2016) 497-511"
10,7-DCCAE,CCN(CC)C1=CC2=C(C=C1)C=C(C(=O)ON1C(=O)CCC1=O)C(=O)O2,Coumarin,acetonitrile,2.870110209,2.639623584,0.230486625,,0,,0,#N/A,0.02,#N/A,"Lanke S, et al, J Fluoresc 26 (2016) 497-511"
10,7-DCCAE,CCN(CC)C1=CC2=C(C=C1)C=C(C(=O)ON1C(=O)CCC1=O)C(=O)O2,Coumarin,isopropanol,2.891931428,2.669007839,0.222923589,,0,,0,#N/A,0.044,#N/A,"Lanke S, et al, J Fluoresc 26 (2016) 497-511"
10,7-DCCAE,CCN(CC)C1=CC2=C(C=C1)C=C(C(=O)ON1C(=O)CCC1=O)C(=O)O2,Coumarin,1-butanol,2.879780976,2.66107285,0.218708126,,0,,0,#N/A,0.053,#N/A,"Lanke S, et al, J Fluoresc 26 (2016) 497-511"
10,7-DCCAE,CCN(CC)C1=CC2=C(C=C1)C=C(C(=O)ON1C(=O)CCC1=O)C(=O)O2,Coumarin,methanol,2.871598019,2.639995537,0.231602483,,0,,0,#N/A,0.016,#N/A,"Lanke S, et al, J Fluoresc 26 (2016) 497-511"
10,7-DCCAE,CCN(CC)C1=CC2=C(C=C1)C=C(C(=O)ON1C(=O)CCC1=O)C(=O)O2,Coumarin,ethylene glycol,2.829071439,2.610611282,0.218460158,,0,,0,#N/A,0.051,#N/A,"Lanke S, et al, J Fluoresc 26 (2016) 497-511"
10,7-DCCAE,CCN(CC)C1=CC2=C(C=C1)C=C(C(=O)ON1C(=O)CCC1=O)C(=O)O2,Coumarin,water,2.794603832,2.598088877,0.196514954,,0,,0,#N/A,0.01,#N/A,"Liu, X, et al, J Phys Chem C , 117 (2013) 14731-14741"
11,MDTC,COC(=O)C1=C(N(CC(=O)C2=CC3=C(OC2=O)C(OC)=CC=C3)N=N1)C(=O)OC,Coumarin,toluene,3.768510638,2.556371134,1.212139504,,0,,0,#N/A,#N/A,#N/A,"Liu, X, et al, J Phys Chem C , 117 (2013) 14731-14741"
11,MDTC,COC(=O)C1=C(N(CC(=O)C2=CC3=C(OC2=O)C(OC)=CC=C3)N=N1)C(=O)OC,Coumarin,"1,4-dioxane",3.814892308,2.556371134,1.258521174,,0,,0,#N/A,#N/A,#N/A,"Liu, X, et al, J Phys Chem C , 117 (2013) 14731-14741"
11,MDTC,COC(=O)C1=C(N(CC(=O)C2=CC3=C(OC2=O)C(OC)=CC=C3)N=N1)C(=O)OC,Coumarin,trichloroethane,3.768510638,2.46,1.308510638,,0,,0,#N/A,#N/A,#N/A,"Liu, X, et al, J Phys Chem C , 117 (2013) 14731-14741"
11,MDTC,COC(=O)C1=C(N(CC(=O)C2=CC3=C(OC2=O)C(OC)=CC=C3)N=N1)C(=O)OC,Coumarin,tetrahydrofuran,3.803190184,2.46,1.343190184,,0,,0,#N/A,#N/A,#N/A,"Liu, X, et al, J Phys Chem C , 117 (2013) 14731-14741"
11,MDTC,COC(=O)C1=C(N(CC(=O)C2=CC3=C(OC2=O)C(OC)=CC=C3)N=N1)C(=O)OC,Coumarin,dichloromethane,3.791559633,2.464890656,1.326668977,,0,,0,#N/A,#N/A,#N/A,"Liu, X, et al, J Phys Chem C , 117 (2013) 14731-14741"
11,MDTC,COC(=O)C1=C(N(CC(=O)C2=CC3=C(OC2=O)C(OC)=CC=C3)N=N1)C(=O)OC,Coumarin,dichloroethane,3.768510638,2.474730539,1.293780099,,0,,0,#N/A,#N/A,#N/A,"Liu, X, et al, J Phys Chem C , 117 (2013) 14731-14741"
11,MDTC,COC(=O)C1=C(N(CC(=O)C2=CC3=C(OC2=O)C(OC)=CC=C3)N=N1)C(=O)OC,Coumarin,dimethyl sulfoxide,3.757090909,2.398143133,1.358947776,,0,,0,#N/A,#N/A,#N/A,"Liu, X, et al, J Phys Chem C , 117 (2013) 14731-14741"
11,MDTC,COC(=O)C1=C(N(CC(=O)C2=CC3=C(OC2=O)C(OC)=CC=C3)N=N1)C(=O)OC,Coumarin,acetonitrile,3.791559633,2.412140078,1.379419555,,0,,0,#N/A,#N/A,#N/A,"Warde U, et al, Opt. Mat. , 72 (2017) 346-358"
12,BDTC,COC(=O)C1=C(N(CC(=O)C2=CC3=C(OC2=O)C=CC(Br)=C3)N=N1)C(=O)OC,Coumarin,toluene,3.434459834,2.843669725,0.590790109,,0,,0,#N/A,#N/A,#N/A,"Warde U, et al, Opt. Mat. , 72 (2017) 346-358"
12,BDTC,COC(=O)C1=C(N(CC(=O)C2=CC3=C(OC2=O)C=CC(Br)=C3)N=N1)C(=O)OC,Coumarin,"1,4-dioxane",3.434459834,2.856774194,0.57768564,,0,,0,#N/A,#N/A,#N/A,"Warde U, et al, Opt. Mat. , 72 (2017) 346-358"
12,BDTC,COC(=O)C1=C(N(CC(=O)C2=CC3=C(OC2=O)C=CC(Br)=C3)N=N1)C(=O)OC,Coumarin,trichloroethane,3.41553719,2.824236902,0.591300288,,0,,0,#N/A,#N/A,#N/A,"Warde U, et al, Opt. Mat. , 72 (2017) 346-358"
12,BDTC,COC(=O)C1=C(N(CC(=O)C2=CC3=C(OC2=O)C=CC(Br)=C3)N=N1)C(=O)OC,Coumarin,tetrahydrofuran,3.434459834,2.837162471,0.597297362,,0,,0,#N/A,#N/A,#N/A,"Warde U, et al, Opt. Mat. , 72 (2017) 346-358"
12,BDTC,COC(=O)C1=C(N(CC(=O)C2=CC3=C(OC2=O)C=CC(Br)=C3)N=N1)C(=O)OC,Coumarin,dichloroethane,3.424972376,2.824236902,0.600735474,,0,,0,#N/A,#N/A,#N/A,"Warde U, et al, Opt. Mat. , 72 (2017) 346-358"
12,BDTC,COC(=O)C1=C(N(CC(=O)C2=CC3=C(OC2=O)C=CC(Br)=C3)N=N1)C(=O)OC,Coumarin,dimethyl sulfoxide,3.41553719,2.817818182,0.597719008,,0,,0,#N/A,#N/A,#N/A,"Warde U, et al, Opt. Mat. , 72 (2017) 346-358"
12,BDTC,COC(=O)C1=C(N(CC(=O)C2=CC3=C(OC2=O)C=CC(Br)=C3)N=N1)C(=O)OC,Coumarin,acetonitrile,3.424972376,2.817818182,0.607154194,,0,,0,#N/A,#N/A,#N/A,"Bhagwat A, et al, J. Fluoresc. 29 (2019) 121-135"
13,COS1,CCN(CC)C1=CC2=C(C=C1)C=C(C=C(C#N)C#N)C(=O)O2,Coumarin,toluene,2.393513514,2.266617916,0.126895598,2.131,0.264210327,0.863,0.106998363,102330,0.005,#N/A,"Bhagwat A, et al, J. Fluoresc. 29 (2019) 121-135"
13,COS1,CCN(CC)C1=CC2=C(C=C1)C=C(C=C(C#N)C#N)C(=O)O2,Coumarin,tetrahydrofuran,2.375172414,2.206120996,0.169051417,2.408,0.29855395,1.07,0.132663092,95373,0.007,#N/A,"Bhagwat A, et al, J. Fluoresc. 29 (2019) 121-135"
13,COS1,CCN(CC)C1=CC2=C(C=C1)C=C(C=C(C#N)C#N)C(=O)O2,Coumarin,ethyl acetate,2.393513514,2.221935484,0.17157803,2.578,0.319631263,0.897,0.111213826,122201,0.006,#N/A,"Bhagwat A, et al, J. Fluoresc. 29 (2019) 121-135"
13,COS1,CCN(CC)C1=CC2=C(C=C1)C=C(C=C(C#N)C#N)C(=O)O2,Coumarin,dichloromethane,2.348181818,2.221935484,0.126246334,2.118,0.262598532,1.021,0.126587867,129420,0.012,#N/A,"Bhagwat A, et al, J. Fluoresc. 29 (2019) 121-135"
13,COS1,CCN(CC)C1=CC2=C(C=C1)C=C(C=C(C#N)C#N)C(=O)O2,Coumarin,acetone,2.370630975,2.182816901,0.187814074,2.821,0.349759424,1.438,0.178289277,123867,0.01,#N/A,"Bhagwat A, et al, J. Fluoresc. 29 (2019) 121-135"
13,COS1,CCN(CC)C1=CC2=C(C=C1)C=C(C=C(C#N)C#N)C(=O)O2,Coumarin,methanol,2.384307692,2.175157895,0.209149798,2.782,0.34492404,1.171,0.145185496,121469,0.01,#N/A,"Bhagwat A, et al, J. Fluoresc. 29 (2019) 121-135"
13,COS1,CCN(CC)C1=CC2=C(C=C1)C=C(C=C(C#N)C#N)C(=O)O2,Coumarin,dimethylformamide,2.343742911,2.145051903,0.198691008,2.983,0.369844864,1.246,0.154484311,113413,0.014,#N/A,"Bhagwat A, et al, J. Fluoresc. 29 (2019) 121-135"
14,COS2,CCOC(=O)C(=C\C1=CC2=C(OC1=O)C=C(C=C2)N(CC)CC)\C#N,Coumarin,toluene,2.474730539,2.339320755,0.135409784,3.86,0.478579006,1.432,0.177545372,52967,0.005,#N/A,"Bhagwat A, et al, J. Fluoresc. 29 (2019) 121-135"
14,COS2,CCOC(=O)C(=C\C1=CC2=C(OC1=O)C=C(C=C2)N(CC)CC)\C#N,Coumarin,tetrahydrofuran,2.455128713,2.262481752,0.192646961,3.731,0.462585044,1.35,0.167378668,52200,0.006,#N/A,"Bhagwat A, et al, J. Fluoresc. 29 (2019) 121-135"
14,COS2,CCOC(=O)C(=C\C1=CC2=C(OC1=O)C=C(C=C2)N(CC)CC)\C#N,Coumarin,ethyl acetate,2.469800797,2.27493578,0.194865017,3.991,0.494820936,1.462,0.181264898,62039,0.007,#N/A,"Bhagwat A, et al, J. Fluoresc. 29 (2019) 121-135"
14,COS2,CCOC(=O)C(=C\C1=CC2=C(OC1=O)C=C(C=C2)N(CC)CC)\C#N,Coumarin,dichloromethane,2.431058824,2.262481752,0.168577072,3.669,0.454898024,1.38,0.171098194,53279,0.017,#N/A,"Bhagwat A, et al, J. Fluoresc. 29 (2019) 121-135"
14,COS2,CCOC(=O)C(=C\C1=CC2=C(OC1=O)C=C(C=C2)N(CC)CC)\C#N,Coumarin,acetone,2.45027668,2.225924596,0.224352084,4.138,0.513046613,1.405,0.174197799,79969,0.012,#N/A,"Bhagwat A, et al, J. Fluoresc. 29 (2019) 121-135"
14,COS2,CCOC(=O)C(=C\C1=CC2=C(OC1=O)C=C(C=C2)N(CC)CC)\C#N,Coumarin,methanol,2.46,2.206120996,0.253879004,3.927,0.486885947,1.449,0.179653103,66723,0.013,#N/A,"Bhagwat A, et al, J. Fluoresc. 29 (2019) 121-135"
14,COS2,CCOC(=O)C(=C\C1=CC2=C(OC1=O)C=C(C=C2)N(CC)CC)\C#N,Coumarin,dimethylformamide,2.407456311,2.186666667,0.220789644,4.205,0.521353554,1.294,0.160435553,59103,0.029,#N/A,"Bhagwat A, et al, J. Fluoresc. 29 (2019) 121-135"
15,COS3,CCN(CC)C1=CC2=C(C=C1)C=C(\C=C(/C#N)C1=NC3=CC=CC=C3S1)C(=O)O2,Coumarin,toluene,2.464890656,2.202202487,0.262688169,3.424,0.424521895,1.233,0.152872517,39505,0.008,#N/A,"Bhagwat A, et al, J. Fluoresc. 29 (2019) 121-135"
15,COS3,CCN(CC)C1=CC2=C(C=C1)C=C(\C=C(/C#N)C1=NC3=CC=CC=C3S1)C(=O)O2,Coumarin,tetrahydrofuran,2.435834971,2.112163543,0.323671427,3.609,0.447458972,1.57,0.194655191,63559,0.007,#N/A,"Bhagwat A, et al, J. Fluoresc. 29 (2019) 121-135"
15,COS3,CCN(CC)C1=CC2=C(C=C1)C=C(\C=C(/C#N)C1=NC3=CC=CC=C3S1)C(=O)O2,Coumarin,ethyl acetate,2.440629921,2.137655172,0.302974749,3.543,0.439276015,1.602,0.198622686,53060,0.009,#N/A,"Bhagwat A, et al, J. Fluoresc. 29 (2019) 121-135"
15,COS3,CCN(CC)C1=CC2=C(C=C1)C=C(\C=C(/C#N)C1=NC3=CC=CC=C3S1)C(=O)O2,Coumarin,dichloromethane,2.416842105,2.130309278,0.286532827,3.259,0.404064503,1.586,0.196638939,49040,0.011,#N/A,"Bhagwat A, et al, J. Fluoresc. 29 (2019) 121-135"
15,COS3,CCN(CC)C1=CC2=C(C=C1)C=C(\C=C(/C#N)C1=NC3=CC=CC=C3S1)C(=O)O2,Coumarin,acetone,2.407456311,2.083764706,0.323691605,3.723,0.461593171,1.539,0.190811681,53883,0.01,#N/A,"Bhagwat A, et al, J. Fluoresc. 29 (2019) 121-135"
15,COS3,CCN(CC)C1=CC2=C(C=C1)C=C(\C=C(/C#N)C1=NC3=CC=CC=C3S1)C(=O)O2,Coumarin,methanol,2.402790698,2.09786802,0.304922677,3.506,0.4346886,1.642,0.203582054,52415,0.013,#N/A,"Bhagwat A, et al, J. Fluoresc. 29 (2019) 121-135"
15,COS3,CCN(CC)C1=CC2=C(C=C1)C=C(\C=C(/C#N)C1=NC3=CC=CC=C3S1)C(=O)O2,Coumarin,dimethylformamide,2.352637571,2.049322314,0.303315257,3.629,0.449938656,1.488,0.184488487,44273,0.025,#N/A,"Bhagwat A, et al, J. Fluoresc. 29 (2019) 121-135"
16,COS4,CCN(CC)C1=CC2=C(C=C1)C=C(\C=C\C(=C(C#N)C#N)C1=CC=CC=C1)C(=O)O2,Coumarin,toluene,2.416842105,2.119384615,0.29745749,3.161,0.391914051,1.848,0.229122799,44690,0.026,#N/A,"Bhagwat A, et al, J. Fluoresc. 29 (2019) 121-135"
16,COS4,CCN(CC)C1=CC2=C(C=C1)C=C(\C=C\C(=C(C#N)C#N)C1=CC=CC=C1)C(=O)O2,Coumarin,tetrahydrofuran,2.412140078,2.073311037,0.338829041,3.436,0.426009706,1.998,0.247720428,52627,0.036,#N/A,"Bhagwat A, et al, J. Fluoresc. 29 (2019) 121-135"
16,COS4,CCN(CC)C1=CC2=C(C=C1)C=C(\C=C\C(=C(C#N)C#N)C1=CC=CC=C1)C(=O)O2,Coumarin,ethyl acetate,2.445443787,2.080268456,0.365175331,3.357,0.416214954,1.982,0.245736681,55576,0.024,#N/A,"Bhagwat A, et al, J. Fluoresc. 29 (2019) 121-135"
16,COS4,CCN(CC)C1=CC2=C(C=C1)C=C(\C=C\C(=C(C#N)C#N)C1=CC=CC=C1)C(=O)O2,Coumarin,dichloromethane,2.3616,2.059534884,0.302065116,3.183,0.394641704,1.985,0.246108634,71885,0.038,#N/A,"Bhagwat A, et al, J. Fluoresc. 29 (2019) 121-135"
16,COS4,CCN(CC)C1=CC2=C(C=C1)C=C(\C=C\C(=C(C#N)C#N)C1=CC=CC=C1)C(=O)O2,Coumarin,acetone,2.393513514,2.006213592,0.387299921,3.552,0.440391873,1.833,0.227263036,54353,0.054,#N/A,"Bhagwat A, et al, J. Fluoresc. 29 (2019) 121-135"
16,COS4,CCN(CC)C1=CC2=C(C=C1)C=C(\C=C\C(=C(C#N)C#N)C1=CC=CC=C1)C(=O)O2,Coumarin,methanol,2.402790698,1.99011236,0.412678338,3.428,0.425017832,1.998,0.247720428,56648,0.056,#N/A,"Bhagwat A, et al, J. Fluoresc. 29 (2019) 121-135"
16,COS4,CCN(CC)C1=CC2=C(C=C1)C=C(\C=C\C(=C(C#N)C#N)C1=CC=CC=C1)C(=O)O2,Coumarin,dimethylformamide,2.348181818,1.955583596,0.392598222,3.359,0.416462922,1.929,0.239165519,54584,0.061,#N/A,"Bhagwat A, et al, J. Fluoresc. 29 (2019) 121-135"
17,coumarin-1,CCN(CC)C1=CC2=C(C=C1)C(C)=CC(=O)O2,Coumarin,acetone,3.387540984,2.899532273,0.48800871,,0,,0,#N/A,#N/A,#N/A,"Bhagwat A, et al, J. Fluoresc. 29 (2019) 121-135"
17,coumarin-1,CCN(CC)C1=CC2=C(C=C1)C(C)=CC(=O)O2,Coumarin,acetonitrile,3.360910816,2.844974759,0.515936057,,0,,0,#N/A,#N/A,#N/A,"Bhagwat A, et al, J. Fluoresc. 29 (2019) 121-135"
17,coumarin-1,CCN(CC)C1=CC2=C(C=C1)C(C)=CC(=O)O2,Coumarin,benzene,3.444,2.994782609,0.449217391,,0,,0,#N/A,#N/A,#N/A,"Bhagwat A, et al, J. Fluoresc. 29 (2019) 121-135"
17,coumarin-1,CCN(CC)C1=CC2=C(C=C1)C(C)=CC(=O)O2,Coumarin,1-butanol,3.31242319,2.786157303,0.526265887,,0,,0,#N/A,#N/A,#N/A,"Bhagwat A, et al, J. Fluoresc. 29 (2019) 121-135"
17,coumarin-1,CCN(CC)C1=CC2=C(C=C1)C(C)=CC(=O)O2,Coumarin,n-butyl ether,3.511232499,3.071088594,0.440143904,,0,,0,#N/A,#N/A,#N/A,"Bhagwat A, et al, J. Fluoresc. 29 (2019) 121-135"
17,coumarin-1,CCN(CC)C1=CC2=C(C=C1)C(C)=CC(=O)O2,Coumarin,n-butyl acetate,3.445914397,2.97323741,0.472676987,,0,,0,#N/A,#N/A,#N/A,"Bhagwat A, et al, J. Fluoresc. 29 (2019) 121-135"
17,coumarin-1,CCN(CC)C1=CC2=C(C=C1)C(C)=CC(=O)O2,Coumarin,carbon tetrachloride,3.479764244,3.061333333,0.41843091,,0,,0,#N/A,#N/A,#N/A,"Bhagwat A, et al, J. Fluoresc. 29 (2019) 121-135"
17,coumarin-1,CCN(CC)C1=CC2=C(C=C1)C(C)=CC(=O)O2,Coumarin,chloroform,3.313308391,2.883348837,0.429959554,,0,,0,#N/A,#N/A,#N/A,"Bhagwat A, et al, J. Fluoresc. 29 (2019) 121-135"
17,coumarin-1,CCN(CC)C1=CC2=C(C=C1)C(C)=CC(=O)O2,Coumarin,cyclohexane,3.534321551,3.14680203,0.38751952,,0,,0,#N/A,#N/A,#N/A,"Bhagwat A, et al, J. Fluoresc. 29 (2019) 121-135"
17,coumarin-1,CCN(CC)C1=CC2=C(C=C1)C(C)=CC(=O)O2,Coumarin,decalin,3.517431709,3.139279903,0.378151805,,0,,0,#N/A,#N/A,#N/A,"Bhagwat A, et al, J. Fluoresc. 29 (2019) 121-135"
17,coumarin-1,CCN(CC)C1=CC2=C(C=C1)C(C)=CC(=O)O2,Coumarin,dichloromethane,3.331112305,2.911789573,0.419322733,,0,,0,#N/A,#N/A,#N/A,"Bhagwat A, et al, J. Fluoresc. 29 (2019) 121-135"
17,coumarin-1,CCN(CC)C1=CC2=C(C=C1)C(C)=CC(=O)O2,Coumarin,diethyl ether,3.517431709,3.045051913,0.472379796,,0,,0,#N/A,#N/A,#N/A,"Bhagwat A, et al, J. Fluoresc. 29 (2019) 121-135"
17,coumarin-1,CCN(CC)C1=CC2=C(C=C1)C(C)=CC(=O)O2,Coumarin,dimethylformamide,3.350918919,2.850206897,0.500712022,,0,,0,#N/A,#N/A,#N/A,"Bhagwat A, et al, J. Fluoresc. 29 (2019) 121-135"
17,coumarin-1,CCN(CC)C1=CC2=C(C=C1)C(C)=CC(=O)O2,Coumarin,dimethyl sulfoxide,3.308004269,2.817818182,0.490186087,,0,,0,#N/A,#N/A,#N/A,"Bhagwat A, et al, J. Fluoresc. 29 (2019) 121-135"
17,coumarin-1,CCN(CC)C1=CC2=C(C=C1)C(C)=CC(=O)O2,Coumarin,"1,4-dioxane",3.434459834,2.944988124,0.48947171,,0,,0,#N/A,#N/A,#N/A,"Bhagwat A, et al, J. Fluoresc. 29 (2019) 121-135"
17,coumarin-1,CCN(CC)C1=CC2=C(C=C1)C(C)=CC(=O)O2,Coumarin,ethanol,3.32040707,2.761336303,0.559070767,,0,,0,#N/A,#N/A,#N/A,"Bhagwat A, et al, J. Fluoresc. 29 (2019) 121-135"
17,coumarin-1,CCN(CC)C1=CC2=C(C=C1)C(C)=CC(=O)O2,Coumarin,ethyl acetate,3.419305019,2.960458453,0.458846567,,0,,0,#N/A,#N/A,#N/A,"Bhagwat A, et al, J. Fluoresc. 29 (2019) 121-135"
17,coumarin-1,CCN(CC)C1=CC2=C(C=C1)C(C)=CC(=O)O2,Coumarin,formamide,3.256737589,2.724923077,0.531814512,,0,,0,#N/A,#N/A,#N/A,"Bhagwat A, et al, J. Fluoresc. 29 (2019) 121-135"
17,coumarin-1,CCN(CC)C1=CC2=C(C=C1)C(C)=CC(=O)O2,Coumarin,heptane,3.553387126,3.165316585,0.388070541,,0,,0,#N/A,#N/A,#N/A,"Bhagwat A, et al, J. Fluoresc. 29 (2019) 121-135"
17,coumarin-1,CCN(CC)C1=CC2=C(C=C1)C(C)=CC(=O)O2,Coumarin,hexane,3.550515464,3.179076923,0.371438541,,0,,0,#N/A,#N/A,#N/A,"Bhagwat A, et al, J. Fluoresc. 29 (2019) 121-135"
17,coumarin-1,CCN(CC)C1=CC2=C(C=C1)C(C)=CC(=O)O2,Coumarin,methanol,3.348689215,2.715253945,0.63343527,,0,,0,#N/A,#N/A,#N/A,"Bhagwat A, et al, J. Fluoresc. 29 (2019) 121-135"
17,coumarin-1,CCN(CC)C1=CC2=C(C=C1)C(C)=CC(=O)O2,Coumarin,methyl cyclohexane,3.538509022,3.156637691,0.381871331,,0,,0,#N/A,#N/A,#N/A,"Bhagwat A, et al, J. Fluoresc. 29 (2019) 121-135"
17,coumarin-1,CCN(CC)C1=CC2=C(C=C1)C(C)=CC(=O)O2,Coumarin,1-pentanol,3.315080214,2.786157303,0.528922911,,0,,0,#N/A,#N/A,#N/A,"Bhagwat A, et al, J. Fluoresc. 29 (2019) 121-135"
17,coumarin-1,CCN(CC)C1=CC2=C(C=C1)C(C)=CC(=O)O2,Coumarin,1-propanol,3.310654206,2.773691275,0.53696293,,0,,0,#N/A,#N/A,#N/A,"Bhagwat A, et al, J. Fluoresc. 29 (2019) 121-135"
17,coumarin-1,CCN(CC)C1=CC2=C(C=C1)C(C)=CC(=O)O2,Coumarin,isopropanol,3.372370196,2.792124148,0.580246049,,0,,0,#N/A,#N/A,#N/A,"Bhagwat A, et al, J. Fluoresc. 29 (2019) 121-135"
17,coumarin-1,CCN(CC)C1=CC2=C(C=C1)C(C)=CC(=O)O2,Coumarin,propylene carbonate,3.39344751,2.821880356,0.571567155,,0,,0,#N/A,#N/A,#N/A,"Bhagwat A, et al, J. Fluoresc. 29 (2019) 121-135"
17,coumarin-1,CCN(CC)C1=CC2=C(C=C1)C(C)=CC(=O)O2,Coumarin,tetrahydrofuran,3.454199767,2.960742658,0.49345711,,0,,0,#N/A,#N/A,#N/A,"Bhagwat A, et al, J. Fluoresc. 29 (2019) 121-135"
17,coumarin-1,CCN(CC)C1=CC2=C(C=C1)C(C)=CC(=O)O2,Coumarin,toluene,3.453593315,3.002033898,0.451559416,,0,,0,#N/A,#N/A,#N/A,"Bhagwat A, et al, J. Fluoresc. 29 (2019) 121-135"
17,coumarin-1,CCN(CC)C1=CC2=C(C=C1)C(C)=CC(=O)O2,Coumarin,p-xylene,3.464207879,3.015175097,0.449032782,,0,,0,#N/A,#N/A,#N/A,"Bhagwat A, et al, J. Fluoresc. 29 (2019) 121-135"
18,coumarin-152,CN(C)C1=CC2=C(C=C1)C(=CC(=O)O2)C(F)(F)F,Coumarin,hexane,3.377329564,2.92478724,0.452542324,,0,,0,#N/A,#N/A,#N/A,"Bhagwat A, et al, J. Fluoresc. 29 (2019) 121-135"
18,coumarin-152,CN(C)C1=CC2=C(C=C1)C(=CC(=O)O2)C(F)(F)F,Coumarin,heptane,3.359971777,2.91858803,0.441383746,,0,,0,#N/A,#N/A,#N/A,"Bhagwat A, et al, J. Fluoresc. 29 (2019) 121-135"
18,coumarin-152,CN(C)C1=CC2=C(C=C1)C(=CC(=O)O2)C(F)(F)F,Coumarin,methyl cyclohexane,3.345093673,2.90618961,0.438904062,,0,,0,#N/A,#N/A,#N/A,"Bhagwat A, et al, J. Fluoresc. 29 (2019) 121-135"
18,coumarin-152,CN(C)C1=CC2=C(C=C1)C(=CC(=O)O2)C(F)(F)F,Coumarin,decalin,3.324016359,2.886352139,0.43766422,,0,,0,#N/A,#N/A,#N/A,"Bhagwat A, et al, J. Fluoresc. 29 (2019) 121-135"
18,coumarin-152,CN(C)C1=CC2=C(C=C1)C(=CC(=O)O2)C(F)(F)F,Coumarin,n-butyl ether,3.301699203,2.748729679,0.552969525,,0,,0,#N/A,#N/A,#N/A,"Bhagwat A, et al, J. Fluoresc. 29 (2019) 121-135"
18,coumarin-152,CN(C)C1=CC2=C(C=C1)C(=CC(=O)O2)C(F)(F)F,Coumarin,diethyl ether,3.283101574,2.686737579,0.596363994,,0,,0,#N/A,#N/A,#N/A,"Bhagwat A, et al, J. Fluoresc. 29 (2019) 121-135"
18,coumarin-152,CN(C)C1=CC2=C(C=C1)C(=CC(=O)O2)C(F)(F)F,Coumarin,ethyl acetate,3.24342663,2.551594803,0.691831827,,0,,0,#N/A,#N/A,#N/A,"Bhagwat A, et al, J. Fluoresc. 29 (2019) 121-135"
18,coumarin-152,CN(C)C1=CC2=C(C=C1)C(=CC(=O)O2)C(F)(F)F,Coumarin,tetrahydrofuran,3.228548526,2.551594803,0.676953723,,0,,0,#N/A,#N/A,#N/A,"Bhagwat A, et al, J. Fluoresc. 29 (2019) 121-135"
18,coumarin-152,CN(C)C1=CC2=C(C=C1)C(=CC(=O)O2)C(F)(F)F,Coumarin,propylene carbonate,3.164076743,2.409012975,0.755063768,,0,,0,#N/A,#N/A,#N/A,"Bhagwat A, et al, J. Fluoresc. 29 (2019) 121-135"
18,coumarin-152,CN(C)C1=CC2=C(C=C1)C(=CC(=O)O2)C(F)(F)F,Coumarin,dimethylformamide,3.155397849,2.400334081,0.755063768,,0,,0,#N/A,#N/A,#N/A,"Bhagwat A, et al, J. Fluoresc. 29 (2019) 121-135"
18,coumarin-152,CN(C)C1=CC2=C(C=C1)C(=CC(=O)O2)C(F)(F)F,Coumarin,dimethyl sulfoxide,3.128121326,2.354459928,0.773661398,,0,,0,#N/A,#N/A,#N/A,"Bhagwat A, et al, J. Fluoresc. 29 (2019) 121-135"
18,coumarin-152,CN(C)C1=CC2=C(C=C1)C(=CC(=O)O2)C(F)(F)F,Coumarin,acetone,3.206231371,2.461086338,0.745145032,,0,,0,#N/A,#N/A,#N/A,"Bhagwat A, et al, J. Fluoresc. 29 (2019) 121-135"
18,coumarin-152,CN(C)C1=CC2=C(C=C1)C(=CC(=O)O2)C(F)(F)F,Coumarin,acetonitrile,3.195072793,2.435049657,0.760023136,,0,,0,#N/A,#N/A,#N/A,"Bhagwat A, et al, J. Fluoresc. 29 (2019) 121-135"
18,coumarin-152,CN(C)C1=CC2=C(C=C1)C(=CC(=O)O2)C(F)(F)F,Coumarin,tert-butanol,3.201272003,2.469765232,0.731506771,,0,,0,#N/A,#N/A,#N/A,"Bhagwat A, et al, J. Fluoresc. 29 (2019) 121-135"
18,coumarin-152,CN(C)C1=CC2=C(C=C1)C(=CC(=O)O2)C(F)(F)F,Coumarin,isopropanol,3.178954847,2.420171553,0.758783294,,0,,0,#N/A,#N/A,#N/A,"Bhagwat A, et al, J. Fluoresc. 29 (2019) 121-135"
18,coumarin-152,CN(C)C1=CC2=C(C=C1)C(=CC(=O)O2)C(F)(F)F,Coumarin,1-butanol,3.171515795,2.407773133,0.763742662,,0,,0,#N/A,#N/A,#N/A,"Bhagwat A, et al, J. Fluoresc. 29 (2019) 121-135"
18,coumarin-152,CN(C)C1=CC2=C(C=C1)C(=CC(=O)O2)C(F)(F)F,Coumarin,ethanol,3.176475163,2.390415345,0.786059818,,0,,0,#N/A,#N/A,#N/A,"Bhagwat A, et al, J. Fluoresc. 29 (2019) 121-135"
18,coumarin-152,CN(C)C1=CC2=C(C=C1)C(=CC(=O)O2)C(F)(F)F,Coumarin,methanol,3.178954847,2.353220086,0.825734761,,0,,0,#N/A,#N/A,#N/A,"Bhagwat A, et al, J. Fluoresc. 29 (2019) 121-135"
19,coumarin-102,CC1=CC(=O)OC2=C1C=C1CCCN3CCCC2=C13,Coumarin,hexane,3.44304119,3.050011281,0.393029909,,0,,0,#N/A,#N/A,#N/A,"Bhagwat A, et al, J. Fluoresc. 29 (2019) 121-135"
19,coumarin-102,CC1=CC(=O)OC2=C1C=C1CCCN3CCCC2=C13,Coumarin,heptane,3.43064277,3.063649542,0.366993227,,0,,0,#N/A,#N/A,#N/A,"Bhagwat A, et al, J. Fluoresc. 29 (2019) 121-135"
19,coumarin-102,CC1=CC(=O)OC2=C1C=C1CCCN3CCCC2=C13,Coumarin,methyl cyclohexane,3.429402928,3.050011281,0.379391647,,0,,0,#N/A,#N/A,#N/A,"Bhagwat A, et al, J. Fluoresc. 29 (2019) 121-135"
19,coumarin-102,CC1=CC(=O)OC2=C1C=C1CCCN3CCCC2=C13,Coumarin,decalin,3.41204514,3.015295705,0.396749435,,0,,0,#N/A,#N/A,#N/A,"Bhagwat A, et al, J. Fluoresc. 29 (2019) 121-135"
19,coumarin-102,CC1=CC(=O)OC2=C1C=C1CCCN3CCCC2=C13,Coumarin,n-butyl ether,3.404606088,2.970661394,0.433944694,,0,,0,#N/A,#N/A,#N/A,"Bhagwat A, et al, J. Fluoresc. 29 (2019) 121-135"
19,coumarin-102,CC1=CC(=O)OC2=C1C=C1CCCN3CCCC2=C13,Coumarin,diethyl ether,3.398406878,2.928506766,0.469900112,,0,,0,#N/A,#N/A,#N/A,"Bhagwat A, et al, J. Fluoresc. 29 (2019) 121-135"
19,coumarin-102,CC1=CC(=O)OC2=C1C=C1CCCN3CCCC2=C13,Coumarin,ethyl acetate,3.358731935,2.847917037,0.510814897,,0,,0,#N/A,#N/A,#N/A,"Bhagwat A, et al, J. Fluoresc. 29 (2019) 121-135"
19,coumarin-102,CC1=CC(=O)OC2=C1C=C1CCCN3CCCC2=C13,Coumarin,tetrahydrofuran,3.343853831,2.851636563,0.492217268,,0,,0,#N/A,#N/A,#N/A,"Bhagwat A, et al, J. Fluoresc. 29 (2019) 121-135"
19,coumarin-102,CC1=CC(=O)OC2=C1C=C1CCCN3CCCC2=C13,Coumarin,propylene carbonate,3.297979677,2.700375841,0.597603836,,0,,0,#N/A,#N/A,#N/A,"Bhagwat A, et al, J. Fluoresc. 29 (2019) 121-135"
19,coumarin-102,CC1=CC(=O)OC2=C1C=C1CCCN3CCCC2=C13,Coumarin,dimethylformamide,3.270703154,2.710294577,0.560408577,,0,,0,#N/A,#N/A,#N/A,"Bhagwat A, et al, J. Fluoresc. 29 (2019) 121-135"
19,coumarin-102,CC1=CC(=O)OC2=C1C=C1CCCN3CCCC2=C13,Coumarin,dimethyl sulfoxide,3.24962584,2.685497737,0.564128103,,0,,0,#N/A,#N/A,#N/A,"Bhagwat A, et al, J. Fluoresc. 29 (2019) 121-135"
19,coumarin-102,CC1=CC(=O)OC2=C1C=C1CCCN3CCCC2=C13,Coumarin,acetone,3.312857781,2.759888256,0.552969525,,0,,0,#N/A,#N/A,#N/A,"Bhagwat A, et al, J. Fluoresc. 29 (2019) 121-135"
19,coumarin-102,CC1=CC(=O)OC2=C1C=C1CCCN3CCCC2=C13,Coumarin,acetonitrile,3.291780468,2.706575051,0.585205416,,0,,0,#N/A,#N/A,#N/A,"Bhagwat A, et al, J. Fluoresc. 29 (2019) 121-135"
19,coumarin-102,CC1=CC(=O)OC2=C1C=C1CCCN3CCCC2=C13,Coumarin,tert-butanol,3.27442268,2.712774261,0.561648419,,0,,0,#N/A,#N/A,#N/A,"Bhagwat A, et al, J. Fluoresc. 29 (2019) 121-135"
19,coumarin-102,CC1=CC(=O)OC2=C1C=C1CCCN3CCCC2=C13,Coumarin,isopropanol,3.250865682,2.674339159,0.576526523,,0,,0,#N/A,#N/A,#N/A,"Bhagwat A, et al, J. Fluoresc. 29 (2019) 121-135"
19,coumarin-102,CC1=CC(=O)OC2=C1C=C1CCCN3CCCC2=C13,Coumarin,1-butanol,3.244666472,2.652022004,0.592644468,,0,,0,#N/A,#N/A,#N/A,"Bhagwat A, et al, J. Fluoresc. 29 (2019) 121-135"
19,coumarin-102,CC1=CC(=O)OC2=C1C=C1CCCN3CCCC2=C13,Coumarin,ethanol,3.24342663,2.623505638,0.619920992,,0,,0,#N/A,#N/A,#N/A,"Bhagwat A, et al, J. Fluoresc. 29 (2019) 121-135"
19,coumarin-102,CC1=CC(=O)OC2=C1C=C1CCCN3CCCC2=C13,Coumarin,methanol,3.229788368,2.59994864,0.629839728,,0,,0,#N/A,#N/A,#N/A,"Bhagwat A, et al, J. Fluoresc. 29 (2019) 121-135"
20,coumarin-151,NC1=CC2=C(C=C1)C(=CC(=O)O2)C(F)(F)F,Coumarin,acetone,3.341886792,2.660600858,0.681285934,,0,,0,#N/A,#N/A,#N/A,"Bhagwat A, et al, J. Fluoresc. 29 (2019) 121-135"
20,coumarin-151,NC1=CC2=C(C=C1)C(=CC(=O)O2)C(F)(F)F,Coumarin,acetonitrile,3.378310627,2.689457701,0.688852926,,0,,0,#N/A,#N/A,#N/A,"Bhagwat A, et al, J. Fluoresc. 29 (2019) 121-135"
20,coumarin-151,NC1=CC2=C(C=C1)C(=CC(=O)O2)C(F)(F)F,Coumarin,1-butanol,3.237180157,2.561652893,0.675527264,,0,,0,#N/A,#N/A,#N/A,"Bhagwat A, et al, J. Fluoresc. 29 (2019) 121-135"
20,coumarin-151,NC1=CC2=C(C=C1)C(=CC(=O)O2)C(F)(F)F,Coumarin,tert-butanol,3.254585208,2.571432275,0.683152933,,0,,0,#N/A,#N/A,#N/A,"Bhagwat A, et al, J. Fluoresc. 29 (2019) 121-135"
20,coumarin-151,NC1=CC2=C(C=C1)C(=CC(=O)O2)C(F)(F)F,Coumarin,cyclohexane,3.562758621,3.091870324,0.470888297,,0,,0,#N/A,#N/A,#N/A,"Bhagwat A, et al, J. Fluoresc. 29 (2019) 121-135"
20,coumarin-151,NC1=CC2=C(C=C1)C(=CC(=O)O2)C(F)(F)F,Coumarin,decalin,3.578183966,3.036373019,0.541810947,,0,,0,#N/A,#N/A,#N/A,"Bhagwat A, et al, J. Fluoresc. 29 (2019) 121-135"
20,coumarin-151,NC1=CC2=C(C=C1)C(=CC(=O)O2)C(F)(F)F,Coumarin,diethyl ether,3.431882612,2.804522568,0.627360044,,0,,0,#N/A,#N/A,#N/A,"Bhagwat A, et al, J. Fluoresc. 29 (2019) 121-135"
20,coumarin-151,NC1=CC2=C(C=C1)C(=CC(=O)O2)C(F)(F)F,Coumarin,dimethylformamide,3.28,2.583,0.697,,0,,0,#N/A,#N/A,#N/A,"Bhagwat A, et al, J. Fluoresc. 29 (2019) 121-135"
20,coumarin-151,NC1=CC2=C(C=C1)C(=CC(=O)O2)C(F)(F)F,Coumarin,dimethyl sulfoxide,3.212020725,2.54587269,0.666148035,,0,,0,#N/A,#N/A,#N/A,"Bhagwat A, et al, J. Fluoresc. 29 (2019) 121-135"
20,coumarin-151,NC1=CC2=C(C=C1)C(=CC(=O)O2)C(F)(F)F,Coumarin,"1,4-dioxane",3.406153846,2.805067873,0.601085973,,0,,0,#N/A,#N/A,#N/A,"Bhagwat A, et al, J. Fluoresc. 29 (2019) 121-135"
20,coumarin-151,NC1=CC2=C(C=C1)C(=CC(=O)O2)C(F)(F)F,Coumarin,ethanol,3.237180157,2.556371134,0.680809023,,0,,0,#N/A,#N/A,#N/A,"Bhagwat A, et al, J. Fluoresc. 29 (2019) 121-135"
20,coumarin-151,NC1=CC2=C(C=C1)C(=CC(=O)O2)C(F)(F)F,Coumarin,ethyl acetate,3.369130435,2.718947368,0.650183066,,0,,0,#N/A,#N/A,#N/A,"Bhagwat A, et al, J. Fluoresc. 29 (2019) 121-135"
20,coumarin-151,NC1=CC2=C(C=C1)C(=CC(=O)O2)C(F)(F)F,Coumarin,heptane,3.617858909,3.072328436,0.545530473,,0,,0,#N/A,#N/A,#N/A,"Bhagwat A, et al, J. Fluoresc. 29 (2019) 121-135"
20,coumarin-151,NC1=CC2=C(C=C1)C(=CC(=O)O2)C(F)(F)F,Coumarin,hexane,3.573025937,3.091870324,0.481155612,,0,,0,#N/A,#N/A,#N/A,"Bhagwat A, et al, J. Fluoresc. 29 (2019) 121-135"
20,coumarin-151,NC1=CC2=C(C=C1)C(=CC(=O)O2)C(F)(F)F,Coumarin,1-hexanol,3.22875,2.577629938,0.651120062,,0,,0,#N/A,#N/A,#N/A,"Bhagwat A, et al, J. Fluoresc. 29 (2019) 121-135"
20,coumarin-151,NC1=CC2=C(C=C1)C(=CC(=O)O2)C(F)(F)F,Coumarin,methanol,3.28,2.54587269,0.73412731,,0,,0,#N/A,#N/A,#N/A,"Bhagwat A, et al, J. Fluoresc. 29 (2019) 121-135"
20,coumarin-151,NC1=CC2=C(C=C1)C(=CC(=O)O2)C(F)(F)F,Coumarin,methyl cyclohexane,3.602980806,3.0624097,0.540571105,,0,,0,#N/A,#N/A,#N/A,"Bhagwat A, et al, J. Fluoresc. 29 (2019) 121-135"
20,coumarin-151,NC1=CC2=C(C=C1)C(=CC(=O)O2)C(F)(F)F,Coumarin,isopropanol,3.22875,2.577629938,0.651120062,,0,,0,#N/A,#N/A,#N/A,"Bhagwat A, et al, J. Fluoresc. 29 (2019) 121-135"
20,coumarin-151,NC1=CC2=C(C=C1)C(=CC(=O)O2)C(F)(F)F,Coumarin,propylene carbonate,3.377329564,2.602428324,0.77490124,,0,,0,#N/A,#N/A,#N/A,"Bhagwat A, et al, J. Fluoresc. 29 (2019) 121-135"
20,coumarin-151,NC1=CC2=C(C=C1)C(=CC(=O)O2)C(F)(F)F,Coumarin,tetrahydrofuran,3.368650671,2.705335209,0.663315461,,0,,0,#N/A,#N/A,#N/A,"Bhagwat A, et al, J. Fluoresc. 29 (2019) 121-135"
21,coumarin-120,CC1=CC(=O)OC2=C1C=CC(N)=C2,Coumarin,hexane,3.808794575,3.290540626,0.518253949,,0,,0,#N/A,#N/A,#N/A,"Bhagwat A, et al, J. Fluoresc. 29 (2019) 121-135"
21,coumarin-120,CC1=CC(=O)OC2=C1C=CC(N)=C2,Coumarin,heptane,3.795156313,3.296739835,0.498416478,,0,,0,#N/A,#N/A,#N/A,"Bhagwat A, et al, J. Fluoresc. 29 (2019) 121-135"
21,coumarin-120,CC1=CC(=O)OC2=C1C=CC(N)=C2,Coumarin,methyl cyclohexane,3.790196945,3.283101574,0.507095371,,0,,0,#N/A,#N/A,#N/A,"Bhagwat A, et al, J. Fluoresc. 29 (2019) 121-135"
21,coumarin-120,CC1=CC(=O)OC2=C1C=CC(N)=C2,Coumarin,decalin,3.772839157,3.253345366,0.519493791,,0,,0,#N/A,#N/A,#N/A,"Bhagwat A, et al, J. Fluoresc. 29 (2019) 121-135"
21,coumarin-120,CC1=CC(=O)OC2=C1C=CC(N)=C2,Coumarin,n-butyl ether,3.697208796,3.138040062,0.559168735,,0,,0,#N/A,#N/A,#N/A,"Bhagwat A, et al, J. Fluoresc. 29 (2019) 121-135"
21,coumarin-120,CC1=CC(=O)OC2=C1C=CC(N)=C2,Coumarin,diethyl ether,3.686050218,3.134320536,0.551729683,,0,,0,#N/A,#N/A,#N/A,"Bhagwat A, et al, J. Fluoresc. 29 (2019) 121-135"
21,coumarin-120,CC1=CC(=O)OC2=C1C=CC(N)=C2,Coumarin,ethyl acetate,3.68109085,3.08100733,0.60008352,,0,,0,#N/A,#N/A,#N/A,"Bhagwat A, et al, J. Fluoresc. 29 (2019) 121-135"
21,coumarin-120,CC1=CC(=O)OC2=C1C=CC(N)=C2,Coumarin,tetrahydrofuran,3.630257329,3.073568278,0.556689051,,0,,0,#N/A,#N/A,#N/A,"Bhagwat A, et al, J. Fluoresc. 29 (2019) 121-135"
21,coumarin-120,CC1=CC(=O)OC2=C1C=CC(N)=C2,Coumarin,propylene carbonate,3.630257329,2.981819972,0.648437358,,0,,0,#N/A,#N/A,#N/A,"Bhagwat A, et al, J. Fluoresc. 29 (2019) 121-135"
21,coumarin-120,CC1=CC(=O)OC2=C1C=CC(N)=C2,Coumarin,dimethylformamide,3.558346494,2.950823922,0.607522572,,0,,0,#N/A,#N/A,#N/A,"Bhagwat A, et al, J. Fluoresc. 29 (2019) 121-135"
21,coumarin-120,CC1=CC(=O)OC2=C1C=CC(N)=C2,Coumarin,dimethyl sulfoxide,3.527350444,2.909909136,0.617441308,,0,,0,#N/A,#N/A,#N/A,"Bhagwat A, et al, J. Fluoresc. 29 (2019) 121-135"
21,coumarin-120,CC1=CC(=O)OC2=C1C=CC(N)=C2,Coumarin,acetonitrile,3.674891641,2.999177759,0.675713881,,0,,0,#N/A,#N/A,#N/A,"Bhagwat A, et al, J. Fluoresc. 29 (2019) 121-135"
21,coumarin-120,CC1=CC(=O)OC2=C1C=CC(N)=C2,Coumarin,tert-butanol,3.54346839,2.904949769,0.638518622,,0,,0,#N/A,#N/A,#N/A,"Bhagwat A, et al, J. Fluoresc. 29 (2019) 121-135"
21,coumarin-120,CC1=CC(=O)OC2=C1C=CC(N)=C2,Coumarin,isopropanol,3.539748864,2.882632613,0.657116252,,0,,0,#N/A,#N/A,#N/A,"Bhagwat A, et al, J. Fluoresc. 29 (2019) 121-135"
21,coumarin-120,CC1=CC(=O)OC2=C1C=CC(N)=C2,Coumarin,1-butanol,3.53106997,2.867754509,0.663315461,,0,,0,#N/A,#N/A,#N/A,"Bhagwat A, et al, J. Fluoresc. 29 (2019) 121-135"
21,coumarin-120,CC1=CC(=O)OC2=C1C=CC(N)=C2,Coumarin,ethanol,3.54346839,2.865274825,0.678193565,,0,,0,#N/A,#N/A,#N/A,"Bhagwat A, et al, J. Fluoresc. 29 (2019) 121-135"
21,coumarin-120,CC1=CC(=O)OC2=C1C=CC(N)=C2,Coumarin,methanol,3.569505072,2.850396721,0.719108351,,0,,0,#N/A,#N/A,#N/A,"Bhagwat A, et al, J. Fluoresc. 29 (2019) 121-135"
22,coumarin-35,CCN(CC)C1=CC2=C(C=C1)C(=CC(=O)O2)C(F)(F)F,Coumarin,acetone,3.130909091,2.47968,0.651229091,,0,,0,#N/A,#N/A,#N/A,"Bhagwat A, et al, J. Fluoresc. 29 (2019) 121-135"
22,coumarin-35,CCN(CC)C1=CC2=C(C=C1)C(=CC(=O)O2)C(F)(F)F,Coumarin,acetonitrile,3.130909091,2.474730539,0.656178552,,0,,0,#N/A,#N/A,#N/A,"Bhagwat A, et al, J. Fluoresc. 29 (2019) 121-135"
22,coumarin-35,CCN(CC)C1=CC2=C(C=C1)C(=CC(=O)O2)C(F)(F)F,Coumarin,benzene,3.20372093,2.666322581,0.53739835,,0,,0,#N/A,#N/A,#N/A,"Bhagwat A, et al, J. Fluoresc. 29 (2019) 121-135"
22,coumarin-35,CCN(CC)C1=CC2=C(C=C1)C(=CC(=O)O2)C(F)(F)F,Coumarin,1-butanol,3.0996,2.494647887,0.604952113,,0,,0,#N/A,#N/A,#N/A,"Bhagwat A, et al, J. Fluoresc. 29 (2019) 121-135"
22,coumarin-35,CCN(CC)C1=CC2=C(C=C1)C(=CC(=O)O2)C(F)(F)F,Coumarin,tert-butanol,3.12302267,2.455128713,0.667893957,,0,,0,#N/A,#N/A,#N/A,"Bhagwat A, et al, J. Fluoresc. 29 (2019) 121-135"
22,coumarin-35,CCN(CC)C1=CC2=C(C=C1)C(=CC(=O)O2)C(F)(F)F,Coumarin,cyclohexane,3.297446809,2.863371824,0.434074984,,0,,0,#N/A,#N/A,#N/A,"Bhagwat A, et al, J. Fluoresc. 29 (2019) 121-135"
22,coumarin-35,CCN(CC)C1=CC2=C(C=C1)C(=CC(=O)O2)C(F)(F)F,Coumarin,diethyl ether,3.20372093,2.707074236,0.496646694,,0,,0,#N/A,#N/A,#N/A,"Bhagwat A, et al, J. Fluoresc. 29 (2019) 121-135"
22,coumarin-35,CCN(CC)C1=CC2=C(C=C1)C(=CC(=O)O2)C(F)(F)F,Coumarin,ethanol,3.0996,2.435834971,0.663765029,,0,,0,#N/A,#N/A,#N/A,"Bhagwat A, et al, J. Fluoresc. 29 (2019) 121-135"
22,coumarin-35,CCN(CC)C1=CC2=C(C=C1)C(=CC(=O)O2)C(F)(F)F,Coumarin,ethyl acetate,3.162857143,2.588392484,0.574464659,,0,,0,#N/A,#N/A,#N/A,"Bhagwat A, et al, J. Fluoresc. 29 (2019) 121-135"
22,coumarin-35,CCN(CC)C1=CC2=C(C=C1)C(=CC(=O)O2)C(F)(F)F,Coumarin,ethylene glycol,3.002033898,2.36610687,0.635927028,,0,,0,#N/A,#N/A,#N/A,"Bhagwat A, et al, J. Fluoresc. 29 (2019) 121-135"
22,coumarin-35,CCN(CC)C1=CC2=C(C=C1)C(=CC(=O)O2)C(F)(F)F,Coumarin,methanol,3.091870324,2.407456311,0.684414014,,0,,0,#N/A,#N/A,#N/A,"Bhagwat A, et al, J. Fluoresc. 29 (2019) 121-135"
22,coumarin-35,CCN(CC)C1=CC2=C(C=C1)C(=CC(=O)O2)C(F)(F)F,Coumarin,1-propanol,3.091870324,2.445443787,0.646426537,,0,,0,#N/A,#N/A,#N/A,"Bhagwat A, et al, J. Fluoresc. 29 (2019) 121-135"
22,coumarin-35,CCN(CC)C1=CC2=C(C=C1)C(=CC(=O)O2)C(F)(F)F,Coumarin,isopropanol,3.0996,2.47968,0.61992,,0,,0,#N/A,#N/A,#N/A,"Bhagwat A, et al, J. Fluoresc. 29 (2019) 121-135"
22,coumarin-35,CCN(CC)C1=CC2=C(C=C1)C(=CC(=O)O2)C(F)(F)F,Coumarin,tetrachloroethane,3.068910891,2.610189474,0.458721417,,0,,0,#N/A,#N/A,#N/A,"Bhagwat A, et al, J. Fluoresc. 29 (2019) 121-135"
22,coumarin-35,CCN(CC)C1=CC2=C(C=C1)C(=CC(=O)O2)C(F)(F)F,Coumarin,tetrahydrofuran,3.14680203,2.588392484,0.558409546,,0,,0,#N/A,#N/A,#N/A,"Bhagwat A, et al, J. Fluoresc. 29 (2019) 121-135"
22,coumarin-35,CCN(CC)C1=CC2=C(C=C1)C(=CC(=O)O2)C(F)(F)F,Coumarin,p-xylene,3.179076923,2.707074236,0.472002687,,0,,0,#N/A,#N/A,#N/A,"Bhagwat A, et al, J. Fluoresc. 29 (2019) 121-135"
23,coumarin-522,CN1CCCC2=CC3=C(OC(=O)C=C3C(F)(F)F)C=C12,Coumarin,acetone,3.068910891,2.46,0.608910891,,0,,0,#N/A,#N/A,#N/A,"Bhagwat A, et al, J. Fluoresc. 29 (2019) 121-135"
23,coumarin-522,CN1CCCC2=CC3=C(OC(=O)C=C3C(F)(F)F)C=C12,Coumarin,acetonitrile,3.061333333,2.431058824,0.63027451,,0,,0,#N/A,#N/A,#N/A,"Bhagwat A, et al, J. Fluoresc. 29 (2019) 121-135"
23,coumarin-522,CN1CCCC2=CC3=C(OC(=O)C=C3C(F)(F)F)C=C12,Coumarin,benzene,3.12302267,2.615696203,0.507326467,,0,,0,#N/A,#N/A,#N/A,"Bhagwat A, et al, J. Fluoresc. 29 (2019) 121-135"
23,coumarin-522,CN1CCCC2=CC3=C(OC(=O)C=C3C(F)(F)F)C=C12,Coumarin,1-butanol,3.038823529,2.42630137,0.61252216,,0,,0,#N/A,#N/A,#N/A,"Bhagwat A, et al, J. Fluoresc. 29 (2019) 121-135"
23,coumarin-522,CN1CCCC2=CC3=C(OC(=O)C=C3C(F)(F)F)C=C12,Coumarin,tert-butanol,3.068910891,2.484649299,0.584261592,,0,,0,#N/A,#N/A,#N/A,"Bhagwat A, et al, J. Fluoresc. 29 (2019) 121-135"
23,coumarin-522,CN1CCCC2=CC3=C(OC(=O)C=C3C(F)(F)F)C=C12,Coumarin,cyclohexane,3.24565445,2.824236902,0.421417548,,0,,0,#N/A,#N/A,#N/A,"Bhagwat A, et al, J. Fluoresc. 29 (2019) 121-135"
23,coumarin-522,CN1CCCC2=CC3=C(OC(=O)C=C3C(F)(F)F)C=C12,Coumarin,diethyl ether,3.15480916,2.610189474,0.544619687,,0,,0,#N/A,#N/A,#N/A,"Bhagwat A, et al, J. Fluoresc. 29 (2019) 121-135"
23,coumarin-522,CN1CCCC2=CC3=C(OC(=O)C=C3C(F)(F)F)C=C12,Coumarin,ethanol,3.038823529,2.407456311,0.631367219,,0,,0,#N/A,#N/A,#N/A,"Bhagwat A, et al, J. Fluoresc. 29 (2019) 121-135"
23,coumarin-522,CN1CCCC2=CC3=C(OC(=O)C=C3C(F)(F)F)C=C12,Coumarin,ethyl acetate,3.115175879,2.535460123,0.579715757,,0,,0,#N/A,#N/A,#N/A,"Bhagwat A, et al, J. Fluoresc. 29 (2019) 121-135"
23,coumarin-522,CN1CCCC2=CC3=C(OC(=O)C=C3C(F)(F)F)C=C12,Coumarin,ethylene glycol,2.952,2.339320755,0.612679245,,0,,0,#N/A,#N/A,#N/A,"Bhagwat A, et al, J. Fluoresc. 29 (2019) 121-135"
23,coumarin-522,CN1CCCC2=CC3=C(OC(=O)C=C3C(F)(F)F)C=C12,Coumarin,methanol,3.031393643,2.384307692,0.647085951,,0,,0,#N/A,#N/A,#N/A,"Bhagwat A, et al, J. Fluoresc. 29 (2019) 121-135"
23,coumarin-522,CN1CCCC2=CC3=C(OC(=O)C=C3C(F)(F)F)C=C12,Coumarin,1-propanol,3.031393643,2.4215625,0.609831143,,0,,0,#N/A,#N/A,#N/A,"Bhagwat A, et al, J. Fluoresc. 29 (2019) 121-135"
23,coumarin-522,CN1CCCC2=CC3=C(OC(=O)C=C3C(F)(F)F)C=C12,Coumarin,isopropanol,3.046289926,2.435834971,0.610454956,,0,,0,#N/A,#N/A,#N/A,"Bhagwat A, et al, J. Fluoresc. 29 (2019) 121-135"
23,coumarin-522,CN1CCCC2=CC3=C(OC(=O)C=C3C(F)(F)F)C=C12,Coumarin,tetrachloroethane,3.031393643,2.561652893,0.46974075,,0,,0,#N/A,#N/A,#N/A,"Bhagwat A, et al, J. Fluoresc. 29 (2019) 121-135"
23,coumarin-522,CN1CCCC2=CC3=C(OC(=O)C=C3C(F)(F)F)C=C12,Coumarin,tetrahydrofuran,3.091870324,2.535460123,0.556410201,,0,,0,#N/A,#N/A,#N/A,"Bhagwat A, et al, J. Fluoresc. 29 (2019) 121-135"
24,coumarin-466,CCN(CC)C1=CC2=C(C=C1)C(=CC(=O)O2)C(F)(F)F,Coumarin,acetone,3.332903226,2.850206897,0.482696329,,0,,0,#N/A,#N/A,#N/A,"Bhagwat A, et al, J. Fluoresc. 29 (2019) 121-135"
24,coumarin-466,CCN(CC)C1=CC2=C(C=C1)C(=CC(=O)O2)C(F)(F)F,Coumarin,acetonitrile,3.315080214,2.765031222,0.550048992,,0,,0,#N/A,#N/A,#N/A,"Bhagwat A, et al, J. Fluoresc. 29 (2019) 121-135"
24,coumarin-466,CCN(CC)C1=CC2=C(C=C1)C(=CC(=O)O2)C(F)(F)F,Coumarin,benzene,3.378310627,2.941494662,0.436815965,,0,,0,#N/A,#N/A,#N/A,"Bhagwat A, et al, J. Fluoresc. 29 (2019) 121-135"
24,coumarin-466,CCN(CC)C1=CC2=C(C=C1)C(=CC(=O)O2)C(F)(F)F,Coumarin,1-butanol,3.28,2.74300885,0.53699115,,0,,0,#N/A,#N/A,#N/A,"Bhagwat A, et al, J. Fluoresc. 29 (2019) 121-135"
24,coumarin-466,CCN(CC)C1=CC2=C(C=C1)C(=CC(=O)O2)C(F)(F)F,Coumarin,n-butyl acetate,3.406153846,2.97323741,0.432916436,,0,,0,#N/A,#N/A,#N/A,"Bhagwat A, et al, J. Fluoresc. 29 (2019) 121-135"
24,coumarin-466,CCN(CC)C1=CC2=C(C=C1)C(=CC(=O)O2)C(F)(F)F,Coumarin,carbon tetrachloride,3.431608082,2.991891892,0.43971619,,0,,0,#N/A,#N/A,#N/A,"Bhagwat A, et al, J. Fluoresc. 29 (2019) 121-135"
24,coumarin-466,CCN(CC)C1=CC2=C(C=C1)C(=CC(=O)O2)C(F)(F)F,Coumarin,chloroform,3.271345646,2.843669725,0.427675922,,0,,0,#N/A,#N/A,#N/A,"Bhagwat A, et al, J. Fluoresc. 29 (2019) 121-135"
24,coumarin-466,CCN(CC)C1=CC2=C(C=C1)C(=CC(=O)O2)C(F)(F)F,Coumarin,cyclohexane,3.482696629,3.110486703,0.372209926,,0,,0,#N/A,#N/A,#N/A,"Bhagwat A, et al, J. Fluoresc. 29 (2019) 121-135"
24,coumarin-466,CCN(CC)C1=CC2=C(C=C1)C(=CC(=O)O2)C(F)(F)F,Coumarin,dichloromethane,3.288700265,2.841063245,0.447637021,,0,,0,#N/A,#N/A,#N/A,"Bhagwat A, et al, J. Fluoresc. 29 (2019) 121-135"
24,coumarin-466,CCN(CC)C1=CC2=C(C=C1)C(=CC(=O)O2)C(F)(F)F,Coumarin,dimethylformamide,3.288700265,2.773691275,0.51500899,,0,,0,#N/A,#N/A,#N/A,"Bhagwat A, et al, J. Fluoresc. 29 (2019) 121-135"
24,coumarin-466,CCN(CC)C1=CC2=C(C=C1)C(=CC(=O)O2)C(F)(F)F,Coumarin,dimethyl sulfoxide,3.262736842,2.7675,0.495236842,,0,,0,#N/A,#N/A,#N/A,"Bhagwat A, et al, J. Fluoresc. 29 (2019) 121-135"
24,coumarin-466,CCN(CC)C1=CC2=C(C=C1)C(=CC(=O)O2)C(F)(F)F,Coumarin,"1,4-dioxane",3.396821918,2.936617717,0.460204201,,0,,0,#N/A,#N/A,#N/A,"Bhagwat A, et al, J. Fluoresc. 29 (2019) 121-135"
24,coumarin-466,CCN(CC)C1=CC2=C(C=C1)C(=CC(=O)O2)C(F)(F)F,Coumarin,ethanol,3.284344371,2.724923077,0.559421294,,0,,0,#N/A,#N/A,#N/A,"Bhagwat A, et al, J. Fluoresc. 29 (2019) 121-135"
24,coumarin-466,CCN(CC)C1=CC2=C(C=C1)C(=CC(=O)O2)C(F)(F)F,Coumarin,ethyl acetate,3.381996727,2.944988124,0.437008603,,0,,0,#N/A,#N/A,#N/A,"Bhagwat A, et al, J. Fluoresc. 29 (2019) 121-135"
24,coumarin-466,CCN(CC)C1=CC2=C(C=C1)C(=CC(=O)O2)C(F)(F)F,Coumarin,formamide,3.212020725,2.677840173,0.534180553,,0,,0,#N/A,#N/A,#N/A,"Bhagwat A, et al, J. Fluoresc. 29 (2019) 121-135"
24,coumarin-466,CCN(CC)C1=CC2=C(C=C1)C(=CC(=O)O2)C(F)(F)F,Coumarin,hexane,3.502372881,3.138835443,0.363537438,,0,,0,#N/A,#N/A,#N/A,"Bhagwat A, et al, J. Fluoresc. 29 (2019) 121-135"
24,coumarin-466,CCN(CC)C1=CC2=C(C=C1)C(=CC(=O)O2)C(F)(F)F,Coumarin,1-pentanol,3.288700265,2.749090909,0.539609356,,0,,0,#N/A,#N/A,#N/A,"Bhagwat A, et al, J. Fluoresc. 29 (2019) 121-135"
24,coumarin-466,CCN(CC)C1=CC2=C(C=C1)C(=CC(=O)O2)C(F)(F)F,Coumarin,1-propanol,3.28,2.749090909,0.530909091,,0,,0,#N/A,#N/A,#N/A,"Bhagwat A, et al, J. Fluoresc. 29 (2019) 121-135"
24,coumarin-466,CCN(CC)C1=CC2=C(C=C1)C(=CC(=O)O2)C(F)(F)F,Coumarin,toluene,3.402414929,2.959045346,0.443369583,,0,,0,#N/A,#N/A,#N/A,"Bhagwat A, et al, J. Fluoresc. 29 (2019) 121-135"
24,coumarin-466,CCN(CC)C1=CC2=C(C=C1)C(=CC(=O)O2)C(F)(F)F,Coumarin,p-xylene,3.396821918,2.917270588,0.47955133,,0,,0,#N/A,#N/A,#N/A,"Bhagwat A, et al, J. Fluoresc. 29 (2019) 121-135"
25,2a,COC1=CC2=C(C=CC=C2)C2=C1C=C(C1=NC3=CC=CC=C3N1)C(=O)O2,Coumarin,toluene,3.170946292,2.566956522,0.60398977,,0,,0,3.6,0.93,#N/A,"Bhagwat A, et al, J. Fluoresc. 29 (2019) 121-135"
25,2a,COC1=CC2=C(C=CC=C2)C2=C1C=C(C1=NC3=CC=CC=C3N1)C(=O)O2,Coumarin,chloroform,3.179076923,2.566956522,0.612120401,,0,,0,3.31,0.88,#N/A,"Bhagwat A, et al, J. Fluoresc. 29 (2019) 121-135"
25,2a,COC1=CC2=C(C=CC=C2)C2=C1C=C(C1=NC3=CC=CC=C3N1)C(=O)O2,Coumarin,dichloromethane,3.187249357,2.551111111,0.636138246,,0,,0,4.99,0.48,#N/A,"Bhagwat A, et al, J. Fluoresc. 29 (2019) 121-135"
25,2a,COC1=CC2=C(C=CC=C2)C2=C1C=C(C1=NC3=CC=CC=C3N1)C(=O)O2,Coumarin,tetrahydrofuran,3.179076923,2.556371134,0.622705789,,0,,0,3.42,0.91,#N/A,"Bhagwat A, et al, J. Fluoresc. 29 (2019) 121-135"
25,2a,COC1=CC2=C(C=CC=C2)C2=C1C=C(C1=NC3=CC=CC=C3N1)C(=O)O2,Coumarin,acetonitrile,3.220363636,2.509797571,0.710566066,,0,,0,4.19,0.47,#N/A,"Bhagwat A, et al, J. Fluoresc. 29 (2019) 121-135"
25,2a,COC1=CC2=C(C=CC=C2)C2=C1C=C(C1=NC3=CC=CC=C3N1)C(=O)O2,Coumarin,dimethylformamide,3.220363636,2.504727273,0.715636364,,0,,0,4.29,0.52,#N/A,"Bhagwat A, et al, J. Fluoresc. 29 (2019) 121-135"
25,2a,COC1=CC2=C(C=CC=C2)C2=C1C=C(C1=NC3=CC=CC=C3N1)C(=O)O2,Coumarin,dimethyl sulfoxide,3.220363636,2.469800797,0.75056284,,0,,0,3.91,0.46,#N/A,"Bhagwat A, et al, J. Fluoresc. 29 (2019) 121-135"
25,2a,COC1=CC2=C(C=CC=C2)C2=C1C=C(C1=NC3=CC=CC=C3N1)C(=O)O2,Coumarin,methanol,3.220363636,2.407456311,0.812907326,,0,,0,4.48,0.33,#N/A,"Bhagwat A, et al, J. Fluoresc. 29 (2019) 121-135"
26,2b,COC1=CC2=C(C=CC=C2)C2=C1C=C(C1=NC3=CC=CC=C3O1)C(=O)O2,Coumarin,toluene,3.262736842,2.604705882,0.65803096,,0,,0,3.57,0.54,#N/A,"Bhagwat A, et al, J. Fluoresc. 29 (2019) 121-135"
26,2b,COC1=CC2=C(C=CC=C2)C2=C1C=C(C1=NC3=CC=CC=C3O1)C(=O)O2,Coumarin,chloroform,3.262736842,2.593807531,0.668929311,,0,,0,3.27,0.25,#N/A,"Bhagwat A, et al, J. Fluoresc. 29 (2019) 121-135"
26,2b,COC1=CC2=C(C=CC=C2)C2=C1C=C(C1=NC3=CC=CC=C3O1)C(=O)O2,Coumarin,dichloromethane,3.262736842,2.474730539,0.788006303,,0,,0,6.81,0.21,#N/A,"Bhagwat A, et al, J. Fluoresc. 29 (2019) 121-135"
26,2b,COC1=CC2=C(C=CC=C2)C2=C1C=C(C1=NC3=CC=CC=C3O1)C(=O)O2,Coumarin,tetrahydrofuran,3.297446809,2.474730539,0.82271627,,0,,0,4.83,0.19,#N/A,"Bhagwat A, et al, J. Fluoresc. 29 (2019) 121-135"
26,2b,COC1=CC2=C(C=CC=C2)C2=C1C=C(C1=NC3=CC=CC=C3O1)C(=O)O2,Coumarin,acetonitrile,3.297446809,2.357110266,0.940336542,,0,,0,4.81,0.1,#N/A,"Bhagwat A, et al, J. Fluoresc. 29 (2019) 121-135"
26,2b,COC1=CC2=C(C=CC=C2)C2=C1C=C(C1=NC3=CC=CC=C3O1)C(=O)O2,Coumarin,dimethylformamide,3.30624,2.339320755,0.966919245,,0,,0,4.26,0.13,#N/A,"Bhagwat A, et al, J. Fluoresc. 29 (2019) 121-135"
26,2b,COC1=CC2=C(C=CC=C2)C2=C1C=C(C1=NC3=CC=CC=C3O1)C(=O)O2,Coumarin,dimethyl sulfoxide,3.30624,2.308826816,0.997413184,,0,,0,3.88,0.08,#N/A,"Bhagwat A, et al, J. Fluoresc. 29 (2019) 121-135"
26,2b,COC1=CC2=C(C=CC=C2)C2=C1C=C(C1=NC3=CC=CC=C3O1)C(=O)O2,Coumarin,methanol,3.30624,2.304535316,1.001704684,,0,,0,3.49,0.07,#N/A,"Bhagwat A, et al, J. Fluoresc. 29 (2019) 121-135"
27,2c,COC1=CC2=C(C=CC=C2)C2=C1C=C(C1=NC3=CC=CC=C3S1)C(=O)O2,Coumarin,toluene,3.195463918,2.599245283,0.596218635,,0,,0,3.57,0.87,#N/A,"Bhagwat A, et al, J. Fluoresc. 29 (2019) 121-135"
27,2c,COC1=CC2=C(C=CC=C2)C2=C1C=C(C1=NC3=CC=CC=C3S1)C(=O)O2,Coumarin,chloroform,3.187249357,2.556371134,0.630878223,,0,,0,2.6,0.35,#N/A,"Bhagwat A, et al, J. Fluoresc. 29 (2019) 121-135"
27,2c,COC1=CC2=C(C=CC=C2)C2=C1C=C(C1=NC3=CC=CC=C3S1)C(=O)O2,Coumarin,dichloromethane,3.195463918,2.469800797,0.725663121,,0,,0,1.97,0.25,#N/A,"Bhagwat A, et al, J. Fluoresc. 29 (2019) 121-135"
27,2c,COC1=CC2=C(C=CC=C2)C2=C1C=C(C1=NC3=CC=CC=C3S1)C(=O)O2,Coumarin,tetrahydrofuran,3.212020725,2.47968,0.732340725,,0,,0,1.81,0.36,#N/A,"Bhagwat A, et al, J. Fluoresc. 29 (2019) 121-135"
27,2c,COC1=CC2=C(C=CC=C2)C2=C1C=C(C1=NC3=CC=CC=C3S1)C(=O)O2,Coumarin,acetonitrile,3.22875,2.343742911,0.885007089,,0,,0,2.84,0.22,#N/A,"Bhagwat A, et al, J. Fluoresc. 29 (2019) 121-135"
27,2c,COC1=CC2=C(C=CC=C2)C2=C1C=C(C1=NC3=CC=CC=C3S1)C(=O)O2,Coumarin,dimethylformamide,3.195463918,2.326153846,0.869310071,,0,,0,2.33,0.12,#N/A,"Bhagwat A, et al, J. Fluoresc. 29 (2019) 121-135"
27,2c,COC1=CC2=C(C=CC=C2)C2=C1C=C(C1=NC3=CC=CC=C3S1)C(=O)O2,Coumarin,dimethyl sulfoxide,3.187249357,2.254254545,0.932994812,,0,,0,2.04,0.21,#N/A,"Bhagwat A, et al, J. Fluoresc. 29 (2019) 121-135"
27,2c,COC1=CC2=C(C=CC=C2)C2=C1C=C(C1=NC3=CC=CC=C3S1)C(=O)O2,Coumarin,methanol,3.237180157,2.279117647,0.95806251,,0,,0,2.56,0.24,#N/A,"Bhagwat A, et al, J. Fluoresc. 29 (2019) 121-135"
28,6a,CCN(CC)C1=CC2=C(C=C1)C=C(C1=NC3=CC=CC=C3S1)C(=O)O2,Coumarin,toluene,2.830684932,2.561652893,0.269032039,3.218,0.39898115,,0,72180,0.32,#N/A,"Bhagwat A, et al, J. Fluoresc. 29 (2019) 121-135"
28,6a,CCN(CC)C1=CC2=C(C=C1)C=C(C1=NC3=CC=CC=C3S1)C(=O)O2,Coumarin,chloroform,2.792432432,2.52,0.272432432,3.469,0.430101184,,0,67430,0.24,#N/A,"Bhagwat A, et al, J. Fluoresc. 29 (2019) 121-135"
28,6a,CCN(CC)C1=CC2=C(C=C1)C=C(C1=NC3=CC=CC=C3S1)C(=O)O2,Coumarin,dichloromethane,2.672068966,2.499677419,0.172391546,3.033,0.376044074,,0,78490,0.28,#N/A,"Bhagwat A, et al, J. Fluoresc. 29 (2019) 121-135"
28,6a,CCN(CC)C1=CC2=C(C=C1)C=C(C1=NC3=CC=CC=C3S1)C(=O)O2,Coumarin,acetone,2.718947368,2.47968,0.239267368,3.277,0.406296218,,0,74480,0.11,#N/A,"Bhagwat A, et al, J. Fluoresc. 29 (2019) 121-135"
28,6a,CCN(CC)C1=CC2=C(C=C1)C=C(C1=NC3=CC=CC=C3S1)C(=O)O2,Coumarin,ethyl acetate,2.805067873,2.525132383,0.27993549,3.189,0.395385609,,0,74450,0.09,#N/A,"Bhagwat A, et al, J. Fluoresc. 29 (2019) 121-135"
28,6a,CCN(CC)C1=CC2=C(C=C1)C=C(C1=NC3=CC=CC=C3S1)C(=O)O2,Coumarin,dimethylformamide,2.65490364,2.440629921,0.214273719,2.86,0.354594807,,0,71370,0.27,#N/A,"Bhagwat A, et al, J. Fluoresc. 29 (2019) 121-135"
28,6a,CCN(CC)C1=CC2=C(C=C1)C=C(C1=NC3=CC=CC=C3S1)C(=O)O2,Coumarin,dimethyl sulfoxide,2.65490364,2.416842105,0.238061535,3.011,0.373316421,,0,76370,0.29,#N/A,"Bhagwat A, et al, J. Fluoresc. 29 (2019) 121-135"
28,6a,CCN(CC)C1=CC2=C(C=C1)C=C(C1=NC3=CC=CC=C3S1)C(=O)O2,Coumarin,acetonitrile,2.712997812,2.469800797,0.243197015,3.147,0.390178272,,0,68380,0.05,#N/A,"Bhagwat A, et al, J. Fluoresc. 29 (2019) 121-135"
28,6a,CCN(CC)C1=CC2=C(C=C1)C=C(C1=NC3=CC=CC=C3S1)C(=O)O2,Coumarin,methanol,2.695304348,2.46,0.235304348,2.906,0.360298081,,0,68590,0.04,#N/A,"Bhagwat A, et al, J. Fluoresc. 29 (2019) 121-135"
29,6b,O=C1OC2=C(C=CC(=C2)N2C3=CC=CC=C3C3=CC=CC=C23)C=C1C1=NC2=C(S1)C=CC=C2,Coumarin,toluene,2.966124402,2.583,0.383124402,4.61,0.571567155,,0,7550,0.21,#N/A,"Bhagwat A, et al, J. Fluoresc. 29 (2019) 121-135"
29,6b,O=C1OC2=C(C=CC(=C2)N2C3=CC=CC=C3C3=CC=CC=C23)C=C1C1=NC2=C(S1)C=CC=C2,Coumarin,chloroform,3.038823529,2.42630137,0.61252216,4.073,0.50498764,,0,6327,0.11,#N/A,"Bhagwat A, et al, J. Fluoresc. 29 (2019) 121-135"
29,6b,O=C1OC2=C(C=CC(=C2)N2C3=CC=CC=C3C3=CC=CC=C23)C=C1C1=NC2=C(S1)C=CC=C2,Coumarin,dichloromethane,2.97323741,2.334915254,0.638322156,4.232,0.524701128,,0,7445,0.09,#N/A,"Bhagwat A, et al, J. Fluoresc. 29 (2019) 121-135"
29,6b,O=C1OC2=C(C=CC(=C2)N2C3=CC=CC=C3C3=CC=CC=C23)C=C1C1=NC2=C(S1)C=CC=C2,Coumarin,acetone,3.053793103,2.250163339,0.803629764,7.507,0.930749377,,0,6525,0.07,#N/A,"Bhagwat A, et al, J. Fluoresc. 29 (2019) 121-135"
29,6b,O=C1OC2=C(C=CC(=C2)N2C3=CC=CC=C3C3=CC=CC=C23)C=C1C1=NC2=C(S1)C=CC=C2,Coumarin,ethyl acetate,3.024,2.407456311,0.616543689,4.205,0.521353554,,0,11745,0.02,#N/A,"Bhagwat A, et al, J. Fluoresc. 29 (2019) 121-135"
29,6b,O=C1OC2=C(C=CC(=C2)N2C3=CC=CC=C3C3=CC=CC=C23)C=C1C1=NC2=C(S1)C=CC=C2,Coumarin,dimethylformamide,3.002033898,2.217960644,0.784073254,4.678,0.57999808,,0,6680,0.01,#N/A,"Bhagwat A, et al, J. Fluoresc. 29 (2019) 121-135"
29,6b,O=C1OC2=C(C=CC(=C2)N2C3=CC=CC=C3C3=CC=CC=C23)C=C1C1=NC2=C(S1)C=CC=C2,Coumarin,dimethyl sulfoxide,3.038823529,2.221935484,0.816888046,3.756,0.465684649,,0,5357,0.02,#N/A,"Bhagwat A, et al, J. Fluoresc. 29 (2019) 121-135"
29,6b,O=C1OC2=C(C=CC(=C2)N2C3=CC=CC=C3C3=CC=CC=C23)C=C1C1=NC2=C(S1)C=CC=C2,Coumarin,acetonitrile,3.038823529,2.210053476,0.828770053,9.324,1.156028666,,0,7985,0.01,#N/A,"Bhagwat A, et al, J. Fluoresc. 29 (2019) 121-135"
29,6b,O=C1OC2=C(C=CC(=C2)N2C3=CC=CC=C3C3=CC=CC=C23)C=C1C1=NC2=C(S1)C=CC=C2,Coumarin,methanol,3.031393643,2.221935484,0.809458159,4.628,0.57379887,,0,6640,0.01,#N/A,"Bhagwat A, et al, J. Fluoresc. 29 (2019) 121-135"
30,6c,O=C1OC2=C(C=CC(=C2)N(C2=CC=CC=C2)C2=CC=CC=C2)C=C1C1=NC2=C(S1)C=CC=C2,Coumarin,toluene,2.786157303,2.42630137,0.359855934,3.454,0.428241421,,0,85860,0.27,#N/A,"Bhagwat A, et al, J. Fluoresc. 29 (2019) 121-135"
30,6c,O=C1OC2=C(C=CC(=C2)N(C2=CC=CC=C2)C2=CC=CC=C2)C=C1C1=NC2=C(S1)C=CC=C2,Coumarin,chloroform,2.736953642,2.279117647,0.457835995,3.563,0.441755699,,0,91950,0.19,#N/A,"Bhagwat A, et al, J. Fluoresc. 29 (2019) 121-135"
30,6c,O=C1OC2=C(C=CC(=C2)N(C2=CC=CC=C2)C2=CC=CC=C2)C=C1C1=NC2=C(S1)C=CC=C2,Coumarin,dichloromethane,2.73092511,2.210053476,0.520871634,3.405,0.422166196,,0,95190,0.16,#N/A,"Bhagwat A, et al, J. Fluoresc. 29 (2019) 121-135"
30,6c,O=C1OC2=C(C=CC(=C2)N(C2=CC=CC=C2)C2=CC=CC=C2)C=C1C1=NC2=C(S1)C=CC=C2,Coumarin,acetone,2.786157303,2.167552448,0.618604856,3.832,0.475107448,,0,90690,0.11,#N/A,"Bhagwat A, et al, J. Fluoresc. 29 (2019) 121-135"
30,6c,O=C1OC2=C(C=CC(=C2)N(C2=CC=CC=C2)C2=CC=CC=C2)C=C1C1=NC2=C(S1)C=CC=C2,Coumarin,ethyl acetate,2.786157303,2.279117647,0.507039656,3.501,0.434068679,,0,83340,0.02,#N/A,"Bhagwat A, et al, J. Fluoresc. 29 (2019) 121-135"
30,6c,O=C1OC2=C(C=CC(=C2)N(C2=CC=CC=C2)C2=CC=CC=C2)C=C1C1=NC2=C(S1)C=CC=C2,Coumarin,dimethylformamide,2.749090909,2.115767918,0.633322991,5.568,0.690344017,,0,81390,0.04,#N/A,"Bhagwat A, et al, J. Fluoresc. 29 (2019) 121-135"
30,6c,O=C1OC2=C(C=CC(=C2)N(C2=CC=CC=C2)C2=CC=CC=C2)C=C1C1=NC2=C(S1)C=CC=C2,Coumarin,dimethyl sulfoxide,2.712997812,2.163769634,0.549228178,3.578,0.443615462,,0,78280,0.01,#N/A,"Bhagwat A, et al, J. Fluoresc. 29 (2019) 121-135"
30,6c,O=C1OC2=C(C=CC(=C2)N(C2=CC=CC=C2)C2=CC=CC=C2)C=C1C1=NC2=C(S1)C=CC=C2,Coumarin,acetonitrile,2.773691275,2.09079258,0.682898695,3.754,0.465436681,,0,116580,0.03,#N/A,"Bhagwat A, et al, J. Fluoresc. 29 (2019) 121-135"
30,6c,O=C1OC2=C(C=CC(=C2)N(C2=CC=CC=C2)C2=CC=CC=C2)C=C1C1=NC2=C(S1)C=CC=C2,Coumarin,methanol,2.74300885,2.073311037,0.669697813,3.466,0.429729232,,0,89230,0.02,#N/A,"Bhagwat A, et al, J. Fluoresc. 29 (2019) 121-135"
